date,open,high,low,close,volume,average,barCount
2021-03-03 03:15:00,22.8,22.8,22.71,22.71,0.0,0.0,4
2021-03-03 03:16:00,22.75,22.77,22.75,22.77,0.0,0.0,3
2021-03-03 03:17:00,22.76,22.76,22.74,22.74,0.0,0.0,2
2021-03-03 03:18:00,22.73,22.74,22.73,22.74,0.0,0.0,2
2021-03-03 03:19:00,22.75,22.78,22.75,22.75,0.0,0.0,4
2021-03-03 03:20:00,22.77,22.79,22.76,22.76,0.0,0.0,4
2021-03-03 03:21:00,22.77,22.78,22.77,22.78,0.0,0.0,2
2021-03-03 03:22:00,22.79,22.79,22.75,22.75,0.0,0.0,4
2021-03-03 03:23:00,22.77,22.79,22.77,22.78,0.0,0.0,3
2021-03-03 03:24:00,22.79,22.79,22.77,22.77,0.0,0.0,3
2021-03-03 03:25:00,22.76,22.77,22.76,22.77,0.0,0.0,2
2021-03-03 03:26:00,22.71,22.71,22.7,22.7,0.0,0.0,2
2021-03-03 03:27:00,22.69,22.7,22.69,22.69,0.0,0.0,3
2021-03-03 03:28:00,22.7,22.71,22.7,22.71,0.0,0.0,2
2021-03-03 03:29:00,22.69,22.7,22.69,22.7,0.0,0.0,2
2021-03-03 03:30:00,22.71,22.71,22.68,22.69,0.0,0.0,4
2021-03-03 03:31:00,22.67,22.73,22.67,22.73,0.0,0.0,3
2021-03-03 03:32:00,22.72,22.72,22.71,22.71,0.0,0.0,2
2021-03-03 03:33:00,22.7,22.73,22.7,22.73,0.0,0.0,2
2021-03-03 03:34:00,22.75,22.82,22.75,22.82,0.0,0.0,4
2021-03-03 03:35:00,22.83,22.83,22.76,22.76,0.0,0.0,3
2021-03-03 03:36:00,22.77,22.83,22.77,22.83,0.0,0.0,4
2021-03-03 03:37:00,22.82,22.82,22.82,22.82,0.0,0.0,1
2021-03-03 03:38:00,22.81,22.82,22.8,22.82,0.0,0.0,3
2021-03-03 03:39:00,22.83,22.85,22.83,22.83,0.0,0.0,4
2021-03-03 03:40:00,22.82,22.82,22.82,22.82,0.0,0.0,1
2021-03-03 03:41:00,22.84,22.84,22.83,22.83,0.0,0.0,4
2021-03-03 03:42:00,22.85,22.85,22.85,22.85,0.0,0.0,1
2021-03-03 03:43:00,22.86,22.88,22.85,22.88,0.0,0.0,3
2021-03-03 03:44:00,22.89,22.91,22.89,22.91,0.0,0.0,2
2021-03-03 03:45:00,22.89,22.89,22.86,22.86,0.0,0.0,3
2021-03-03 03:46:00,22.87,22.87,22.86,22.86,0.0,0.0,2
2021-03-03 03:47:00,22.83,22.83,22.8,22.8,0.0,0.0,3
2021-03-03 03:48:00,22.77,22.77,22.75,22.76,0.0,0.0,4
2021-03-03 03:49:00,22.75,22.83,22.59,22.83,0.0,0.0,4
2021-03-03 03:50:00,22.82,22.82,22.82,22.82,0.0,0.0,1
2021-03-03 03:51:00,22.81,22.81,22.8,22.81,0.0,0.0,3
2021-03-03 03:52:00,22.82,22.82,22.81,22.81,0.0,0.0,2
2021-03-03 03:53:00,22.82,22.83,22.82,22.83,0.0,0.0,2
2021-03-03 03:54:00,22.82,22.83,22.82,22.82,0.0,0.0,3
2021-03-03 03:55:00,22.83,22.86,22.83,22.84,0.0,0.0,3
2021-03-03 03:56:00,22.82,22.82,22.82,22.82,0.0,0.0,1
2021-03-03 03:57:00,22.81,22.82,22.81,22.82,0.0,0.0,4
2021-03-03 03:58:00,22.81,22.83,22.81,22.83,0.0,0.0,3
2021-03-03 03:59:00,22.84,22.85,22.84,22.84,0.0,0.0,3
2021-03-03 04:00:00,22.85,22.88,22.83,22.88,0.0,0.0,4
2021-03-03 04:01:00,22.87,22.87,22.84,22.86,0.0,0.0,4
2021-03-03 04:02:00,22.85,22.85,22.85,22.85,0.0,0.0,1
2021-03-03 04:03:00,22.84,22.85,22.84,22.84,0.0,0.0,3
2021-03-03 04:04:00,22.81,22.81,22.79,22.79,0.0,0.0,3
2021-03-03 04:05:00,22.77,22.77,22.77,22.77,0.0,0.0,1
2021-03-03 04:06:00,22.76,22.76,22.74,22.74,0.0,0.0,2
2021-03-03 04:07:00,22.73,22.73,22.67,22.68,0.0,0.0,3
2021-03-03 04:08:00,22.64,22.65,22.64,22.65,0.0,0.0,2
2021-03-03 04:09:00,22.66,22.66,22.66,22.66,0.0,0.0,1
2021-03-03 04:10:00,22.67,22.67,22.65,22.65,0.0,0.0,3
2021-03-03 04:11:00,22.64,22.64,22.63,22.63,0.0,0.0,2
2021-03-03 04:12:00,22.62,22.62,22.55,22.55,0.0,0.0,3
2021-03-03 04:13:00,22.54,22.54,22.52,22.52,0.0,0.0,2
2021-03-03 04:14:00,22.48,22.48,22.47,22.48,0.0,0.0,3
2021-03-03 04:15:00,22.47,22.48,22.45,22.45,0.0,0.0,4
2021-03-03 04:16:00,22.47,22.47,22.47,22.47,0.0,0.0,1
2021-03-03 04:17:00,22.48,22.48,22.48,22.48,0.0,0.0,1
2021-03-03 04:18:00,22.48,22.48,22.48,22.48,0.0,0.0,0
2021-03-03 04:19:00,22.5,22.53,22.5,22.5,0.0,0.0,4
2021-03-03 04:20:00,22.52,22.52,22.52,22.52,0.0,0.0,1
2021-03-03 04:21:00,22.53,22.6,22.53,22.58,0.0,0.0,4
2021-03-03 04:22:00,22.57,22.57,22.57,22.57,0.0,0.0,1
2021-03-03 04:23:00,22.56,22.57,22.56,22.57,0.0,0.0,2
2021-03-03 04:24:00,22.56,22.56,22.54,22.54,0.0,0.0,2
2021-03-03 04:25:00,22.53,22.53,22.51,22.53,0.0,0.0,3
2021-03-03 04:26:00,22.55,22.58,22.55,22.58,0.0,0.0,3
2021-03-03 04:27:00,22.59,22.62,22.59,22.61,0.0,0.0,3
2021-03-03 04:28:00,22.62,22.62,22.62,22.62,0.0,0.0,1
2021-03-03 04:29:00,22.61,22.61,22.61,22.61,0.0,0.0,1
2021-03-03 04:30:00,22.63,22.64,22.63,22.64,0.0,0.0,2
2021-03-03 04:31:00,22.63,22.63,22.63,22.63,0.0,0.0,1
2021-03-03 04:32:00,22.63,22.63,22.63,22.63,0.0,0.0,0
2021-03-03 04:33:00,22.64,22.64,22.63,22.64,0.0,0.0,3
2021-03-03 04:34:00,22.65,22.65,22.65,22.65,0.0,0.0,1
2021-03-03 04:35:00,22.69,22.69,22.67,22.67,0.0,0.0,3
2021-03-03 04:36:00,22.66,22.76,22.66,22.76,0.0,0.0,3
2021-03-03 04:37:00,22.8,22.85,22.8,22.85,0.0,0.0,3
2021-03-03 04:38:00,22.88,22.93,22.88,22.92,0.0,0.0,4
2021-03-03 04:39:00,22.94,22.94,22.83,22.83,0.0,0.0,4
2021-03-03 04:40:00,22.84,22.84,22.78,22.78,0.0,0.0,4
2021-03-03 04:41:00,22.77,22.77,22.75,22.75,0.0,0.0,2
2021-03-03 04:42:00,22.74,22.74,22.71,22.71,0.0,0.0,2
2021-03-03 04:43:00,22.73,22.73,22.71,22.71,0.0,0.0,2
2021-03-03 04:44:00,22.69,22.7,22.68,22.7,0.0,0.0,3
2021-03-03 04:45:00,22.73,22.73,22.7,22.7,0.0,0.0,3
2021-03-03 04:46:00,22.71,22.75,22.71,22.75,0.0,0.0,3
2021-03-03 04:47:00,22.76,22.76,22.68,22.68,0.0,0.0,3
2021-03-03 04:48:00,22.67,22.67,22.67,22.67,0.0,0.0,1
2021-03-03 04:49:00,22.7,22.72,22.68,22.69,0.0,0.0,4
2021-03-03 04:50:00,22.68,22.68,22.67,22.67,0.0,0.0,4
2021-03-03 04:51:00,22.71,22.74,22.71,22.73,0.0,0.0,4
2021-03-03 04:52:00,22.74,22.76,22.74,22.76,0.0,0.0,2
2021-03-03 04:53:00,22.75,22.83,22.75,22.82,0.0,0.0,4
2021-03-03 04:54:00,22.83,22.85,22.83,22.85,0.0,0.0,2
2021-03-03 04:55:00,22.83,22.83,22.8,22.8,0.0,0.0,3
2021-03-03 04:56:00,22.79,22.79,22.79,22.79,0.0,0.0,1
2021-03-03 04:57:00,22.8,22.81,22.8,22.81,0.0,0.0,2
2021-03-03 04:58:00,22.82,22.82,22.8,22.81,0.0,0.0,3
2021-03-03 04:59:00,22.8,22.8,22.78,22.78,0.0,0.0,3
2021-03-03 05:00:00,22.79,22.81,22.79,22.81,0.0,0.0,2
2021-03-03 05:01:00,22.79,22.81,22.79,22.8,0.0,0.0,4
2021-03-03 05:02:00,22.81,22.81,22.81,22.81,0.0,0.0,1
2021-03-03 05:03:00,22.8,22.8,22.8,22.8,0.0,0.0,1
2021-03-03 05:04:00,22.81,22.81,22.8,22.8,0.0,0.0,2
2021-03-03 05:05:00,22.78,22.78,22.76,22.76,0.0,0.0,2
2021-03-03 05:06:00,22.78,22.78,22.78,22.78,0.0,0.0,1
2021-03-03 05:07:00,22.8,22.8,22.79,22.79,0.0,0.0,2
2021-03-03 05:08:00,22.8,22.81,22.8,22.81,0.0,0.0,2
2021-03-03 05:09:00,22.82,22.82,22.82,22.82,0.0,0.0,1
2021-03-03 05:10:00,22.82,22.82,22.82,22.82,0.0,0.0,0
2021-03-03 05:11:00,22.82,22.82,22.82,22.82,0.0,0.0,0
2021-03-03 05:12:00,22.83,22.83,22.81,22.81,0.0,0.0,2
2021-03-03 05:13:00,22.82,22.82,22.82,22.82,0.0,0.0,1
2021-03-03 05:14:00,22.81,22.82,22.81,22.82,0.0,0.0,2
2021-03-03 05:15:00,22.85,22.85,22.84,22.84,0.0,0.0,2
2021-03-03 05:16:00,22.85,22.85,22.83,22.83,0.0,0.0,3
2021-03-03 05:17:00,22.8,22.8,22.8,22.8,0.0,0.0,1
2021-03-03 05:18:00,22.81,22.81,22.8,22.81,0.0,0.0,3
2021-03-03 05:19:00,22.8,22.8,22.8,22.8,0.0,0.0,1
2021-03-03 05:20:00,22.81,22.81,22.8,22.8,0.0,0.0,2
2021-03-03 05:21:00,22.78,22.78,22.77,22.77,0.0,0.0,2
2021-03-03 05:22:00,22.76,22.76,22.76,22.76,0.0,0.0,1
2021-03-03 05:23:00,22.78,22.79,22.77,22.79,0.0,0.0,3
2021-03-03 05:24:00,22.8,22.8,22.8,22.8,0.0,0.0,1
2021-03-03 05:25:00,22.74,22.74,22.74,22.74,0.0,0.0,1
2021-03-03 05:26:00,22.73,22.73,22.73,22.73,0.0,0.0,1
2021-03-03 05:27:00,22.72,22.72,22.72,22.72,0.0,0.0,1
2021-03-03 05:28:00,22.71,22.75,22.71,22.75,0.0,0.0,3
2021-03-03 05:29:00,22.73,22.73,22.73,22.73,0.0,0.0,1
2021-03-03 05:30:00,22.75,22.75,22.74,22.74,0.0,0.0,2
2021-03-03 05:31:00,22.75,22.76,22.74,22.74,0.0,0.0,3
2021-03-03 05:32:00,22.76,22.76,22.76,22.76,0.0,0.0,1
2021-03-03 05:33:00,22.77,22.78,22.76,22.76,0.0,0.0,3
2021-03-03 05:34:00,22.75,22.77,22.75,22.77,0.0,0.0,2
2021-03-03 05:35:00,22.78,22.78,22.78,22.78,0.0,0.0,1
2021-03-03 05:36:00,22.81,22.82,22.81,22.82,0.0,0.0,2
2021-03-03 05:37:00,22.84,22.93,22.84,22.93,0.0,0.0,3
2021-03-03 05:38:00,22.91,22.91,22.9,22.9,0.0,0.0,2
2021-03-03 05:39:00,22.9,22.9,22.9,22.9,0.0,0.0,0
2021-03-03 05:40:00,22.91,22.93,22.91,22.93,0.0,0.0,3
2021-03-03 05:41:00,22.94,22.94,22.93,22.94,0.0,0.0,3
2021-03-03 05:42:00,22.96,22.97,22.94,22.97,0.0,0.0,4
2021-03-03 05:43:00,22.98,22.98,22.97,22.98,0.0,0.0,3
2021-03-03 05:44:00,22.97,23.0,22.97,23.0,0.0,0.0,4
2021-03-03 05:45:00,23.01,23.01,22.98,22.98,0.0,0.0,3
2021-03-03 05:46:00,22.99,22.99,22.98,22.98,0.0,0.0,2
2021-03-03 05:47:00,22.97,22.98,22.97,22.98,0.0,0.0,2
2021-03-03 05:48:00,22.96,22.96,22.95,22.95,0.0,0.0,2
2021-03-03 05:49:00,22.96,22.96,22.96,22.96,0.0,0.0,1
2021-03-03 05:50:00,22.97,22.98,22.96,22.98,0.0,0.0,4
2021-03-03 05:51:00,22.97,22.97,22.96,22.96,0.0,0.0,2
2021-03-03 05:52:00,22.94,22.95,22.94,22.94,0.0,0.0,3
2021-03-03 05:53:00,22.93,22.93,22.92,22.92,0.0,0.0,2
2021-03-03 05:54:00,22.93,22.93,22.91,22.91,0.0,0.0,3
2021-03-03 05:55:00,22.93,22.93,22.91,22.91,0.0,0.0,2
2021-03-03 05:56:00,22.95,22.95,22.91,22.91,0.0,0.0,3
2021-03-03 05:57:00,22.9,22.9,22.85,22.85,0.0,0.0,3
2021-03-03 05:58:00,22.86,22.86,22.84,22.84,0.0,0.0,2
2021-03-03 05:59:00,22.86,22.86,22.85,22.86,0.0,0.0,3
2021-03-03 06:00:00,22.87,22.88,22.87,22.88,0.0,0.0,2
2021-03-03 06:01:00,22.89,22.94,22.89,22.94,0.0,0.0,3
2021-03-03 06:02:00,22.95,23.01,22.95,23.01,0.0,0.0,4
2021-03-03 06:03:00,23.02,23.04,23.02,23.03,0.0,0.0,3
2021-03-03 06:04:00,22.98,22.98,22.98,22.98,0.0,0.0,1
2021-03-03 06:05:00,22.97,22.97,22.96,22.96,0.0,0.0,2
2021-03-03 06:06:00,22.97,22.98,22.97,22.98,0.0,0.0,2
2021-03-03 06:07:00,22.99,22.99,22.95,22.96,0.0,0.0,3
2021-03-03 06:08:00,22.95,22.95,22.94,22.94,0.0,0.0,4
2021-03-03 06:09:00,22.96,22.96,22.96,22.96,0.0,0.0,1
2021-03-03 06:10:00,22.97,22.97,22.96,22.96,0.0,0.0,2
2021-03-03 06:11:00,22.97,23.01,22.97,23.01,0.0,0.0,2
2021-03-03 06:12:00,23.05,23.06,23.05,23.06,0.0,0.0,2
2021-03-03 06:13:00,23.07,23.07,23.05,23.05,0.0,0.0,3
2021-03-03 06:14:00,23.06,23.06,23.01,23.01,0.0,0.0,4
2021-03-03 06:15:00,23.03,23.03,22.99,22.99,0.0,0.0,3
2021-03-03 06:16:00,22.97,22.99,22.97,22.99,0.0,0.0,3
2021-03-03 06:17:00,22.98,23.03,22.98,23.03,0.0,0.0,4
2021-03-03 06:18:00,23.04,23.04,23.04,23.04,0.0,0.0,1
2021-03-03 06:19:00,23.02,23.02,22.99,22.99,0.0,0.0,3
2021-03-03 06:20:00,22.97,22.97,22.96,22.96,0.0,0.0,2
2021-03-03 06:21:00,22.96,22.96,22.96,22.96,0.0,0.0,0
2021-03-03 06:22:00,22.97,22.97,22.73,22.73,0.0,0.0,3
2021-03-03 06:23:00,22.92,22.94,22.92,22.94,0.0,0.0,2
2021-03-03 06:24:00,22.94,22.94,22.94,22.94,0.0,0.0,0
2021-03-03 06:25:00,22.95,22.95,22.94,22.94,0.0,0.0,2
2021-03-03 06:26:00,22.92,22.92,22.9,22.91,0.0,0.0,4
2021-03-03 06:27:00,22.9,22.92,22.9,22.92,0.0,0.0,4
2021-03-03 06:28:00,22.91,22.91,22.91,22.91,0.0,0.0,1
2021-03-03 06:29:00,22.92,22.92,22.91,22.92,0.0,0.0,3
2021-03-03 06:30:00,22.91,22.94,22.91,22.94,0.0,0.0,4
2021-03-03 06:31:00,22.95,22.97,22.95,22.97,0.0,0.0,2
2021-03-03 06:32:00,22.98,23.0,22.98,23.0,0.0,0.0,2
2021-03-03 06:33:00,22.99,23.0,22.99,22.99,0.0,0.0,3
2021-03-03 06:34:00,22.99,22.99,22.99,22.99,0.0,0.0,0
2021-03-03 06:35:00,23.0,23.0,22.98,22.98,0.0,0.0,3
2021-03-03 06:36:00,22.98,22.98,22.98,22.98,0.0,0.0,0
2021-03-03 06:37:00,22.99,23.0,22.99,22.99,0.0,0.0,3
2021-03-03 06:38:00,22.98,23.0,22.98,23.0,0.0,0.0,2
2021-03-03 06:39:00,23.01,23.01,23.01,23.01,0.0,0.0,1
2021-03-03 06:40:00,22.99,23.0,22.99,23.0,0.0,0.0,2
2021-03-03 06:41:00,23.02,23.03,23.02,23.02,0.0,0.0,3
2021-03-03 06:42:00,23.01,23.01,22.79,22.94,0.0,0.0,3
2021-03-03 06:43:00,22.93,22.94,22.93,22.94,0.0,0.0,2
2021-03-03 06:44:00,22.91,22.91,22.9,22.9,0.0,0.0,2
2021-03-03 06:45:00,22.89,22.89,22.85,22.85,0.0,0.0,2
2021-03-03 06:46:00,22.86,22.86,22.86,22.86,0.0,0.0,1
2021-03-03 06:47:00,22.86,22.86,22.86,22.86,0.0,0.0,0
2021-03-03 06:48:00,22.86,22.86,22.86,22.86,0.0,0.0,0
2021-03-03 06:49:00,22.87,22.87,22.86,22.86,0.0,0.0,2
2021-03-03 06:50:00,22.87,22.87,22.87,22.87,0.0,0.0,1
2021-03-03 06:51:00,22.88,22.88,22.88,22.88,0.0,0.0,1
2021-03-03 06:52:00,22.89,22.89,22.85,22.85,0.0,0.0,3
2021-03-03 06:53:00,22.84,22.86,22.84,22.86,0.0,0.0,3
2021-03-03 06:54:00,22.85,22.89,22.85,22.89,0.0,0.0,3
2021-03-03 06:55:00,22.9,22.9,22.88,22.89,0.0,0.0,3
2021-03-03 06:56:00,22.88,22.88,22.87,22.87,0.0,0.0,2
2021-03-03 06:57:00,22.87,22.87,22.87,22.87,0.0,0.0,0
2021-03-03 06:58:00,22.88,22.88,22.87,22.87,0.0,0.0,2
2021-03-03 06:59:00,22.88,22.89,22.88,22.88,0.0,0.0,3
2021-03-03 07:00:00,22.85,22.85,22.83,22.85,0.0,0.0,3
2021-03-03 07:01:00,22.88,22.89,22.88,22.89,0.0,0.0,2
2021-03-03 07:02:00,22.88,22.88,22.84,22.84,0.0,0.0,3
2021-03-03 07:03:00,22.85,22.85,22.83,22.84,0.0,0.0,3
2021-03-03 07:04:00,22.86,22.86,22.86,22.86,0.0,0.0,1
2021-03-03 07:05:00,22.88,22.88,22.85,22.85,0.0,0.0,3
2021-03-03 07:06:00,22.86,22.89,22.86,22.89,0.0,0.0,3
2021-03-03 07:07:00,22.87,22.89,22.87,22.89,0.0,0.0,3
2021-03-03 07:08:00,22.91,22.93,22.91,22.91,0.0,0.0,3
2021-03-03 07:09:00,22.93,22.96,22.92,22.96,0.0,0.0,4
2021-03-03 07:10:00,22.97,22.97,22.97,22.97,0.0,0.0,1
2021-03-03 07:11:00,22.99,22.99,22.98,22.99,0.0,0.0,3
2021-03-03 07:12:00,22.98,22.98,22.94,22.94,0.0,0.0,3
2021-03-03 07:13:00,22.93,22.99,22.93,22.99,0.0,0.0,3
2021-03-03 07:14:00,23.0,23.01,22.99,23.0,0.0,0.0,4
2021-03-03 07:15:00,22.99,22.99,22.99,22.99,0.0,0.0,1
2021-03-03 07:16:00,22.98,22.98,22.96,22.97,0.0,0.0,3
2021-03-03 07:17:00,22.97,22.97,22.97,22.97,0.0,0.0,0
2021-03-03 07:18:00,22.98,22.98,22.96,22.96,0.0,0.0,2
2021-03-03 07:19:00,22.97,22.98,22.97,22.98,0.0,0.0,2
2021-03-03 07:20:00,22.97,23.0,22.96,22.96,0.0,0.0,4
2021-03-03 07:21:00,22.97,22.98,22.96,22.98,0.0,0.0,4
2021-03-03 07:22:00,22.94,22.95,22.94,22.95,0.0,0.0,2
2021-03-03 07:23:00,22.96,22.96,22.95,22.96,0.0,0.0,3
2021-03-03 07:24:00,22.95,22.96,22.94,22.94,0.0,0.0,3
2021-03-03 07:25:00,22.95,22.96,22.94,22.96,0.0,0.0,3
2021-03-03 07:26:00,22.96,22.96,22.96,22.96,0.0,0.0,0
2021-03-03 07:27:00,22.97,22.97,22.97,22.97,0.0,0.0,1
2021-03-03 07:28:00,22.95,22.95,22.95,22.95,0.0,0.0,1
2021-03-03 07:29:00,22.95,22.95,22.95,22.95,0.0,0.0,0
2021-03-03 07:30:00,22.99,22.99,22.97,22.98,0.0,0.0,3
2021-03-03 07:31:00,22.97,22.98,22.97,22.98,0.0,0.0,2
2021-03-03 07:32:00,23.0,23.0,23.0,23.0,0.0,0.0,1
2021-03-03 07:33:00,23.02,23.05,23.02,23.04,0.0,0.0,3
2021-03-03 07:34:00,23.06,23.24,23.06,23.24,0.0,0.0,4
2021-03-03 07:35:00,23.21,23.21,23.04,23.07,0.0,0.0,3
2021-03-03 07:36:00,23.25,23.25,23.25,23.25,0.0,0.0,1
2021-03-03 07:37:00,23.26,23.28,23.26,23.27,0.0,0.0,4
2021-03-03 07:38:00,23.29,23.32,23.29,23.32,0.0,0.0,3
2021-03-03 07:39:00,23.31,23.31,23.31,23.31,0.0,0.0,1
2021-03-03 07:40:00,23.32,23.32,23.28,23.28,0.0,0.0,3
2021-03-03 07:41:00,23.25,23.25,23.22,23.22,0.0,0.0,4
2021-03-03 07:42:00,23.21,23.22,23.2,23.2,0.0,0.0,4
2021-03-03 07:43:00,23.21,23.21,23.2,23.2,0.0,0.0,2
2021-03-03 07:44:00,23.19,23.19,23.17,23.17,0.0,0.0,2
2021-03-03 07:45:00,23.16,23.16,23.15,23.16,0.0,0.0,3
2021-03-03 07:46:00,23.17,23.19,23.17,23.19,0.0,0.0,2
2021-03-03 07:47:00,23.2,23.2,23.19,23.2,0.0,0.0,3
2021-03-03 07:48:00,23.2,23.2,23.2,23.2,0.0,0.0,0
2021-03-03 07:49:00,23.21,23.23,23.21,23.23,0.0,0.0,2
2021-03-03 07:50:00,23.28,23.28,23.28,23.28,0.0,0.0,1
2021-03-03 07:51:00,23.27,23.27,23.25,23.26,0.0,0.0,3
2021-03-03 07:52:00,23.25,23.25,23.24,23.25,0.0,0.0,3
2021-03-03 07:53:00,23.24,23.28,23.24,23.28,0.0,0.0,3
2021-03-03 07:54:00,23.27,23.28,23.27,23.28,0.0,0.0,2
2021-03-03 07:55:00,23.29,23.29,23.29,23.29,0.0,0.0,1
2021-03-03 07:56:00,23.3,23.3,23.29,23.3,0.0,0.0,3
2021-03-03 07:57:00,23.27,23.27,23.27,23.27,0.0,0.0,1
2021-03-03 07:58:00,23.28,23.28,23.28,23.28,0.0,0.0,1
2021-03-03 07:59:00,23.31,23.31,23.31,23.31,0.0,0.0,1
2021-03-03 08:00:00,23.3,23.3,23.3,23.3,0.0,0.0,1
2021-03-03 08:01:00,23.3,23.3,23.3,23.3,0.0,0.0,0
2021-03-03 08:02:00,23.3,23.3,23.3,23.3,0.0,0.0,0
2021-03-03 08:03:00,23.3,23.3,23.3,23.3,0.0,0.0,0
2021-03-03 08:04:00,23.3,23.3,23.3,23.3,0.0,0.0,0
2021-03-03 08:05:00,23.3,23.3,23.3,23.3,0.0,0.0,0
2021-03-03 08:06:00,23.41,23.41,23.41,23.41,0.0,0.0,1
2021-03-03 08:07:00,23.39,23.4,23.39,23.4,0.0,0.0,2
2021-03-03 08:08:00,23.44,23.47,23.44,23.47,0.0,0.0,3
2021-03-03 08:09:00,23.5,23.62,23.5,23.61,0.0,0.0,4
2021-03-03 08:10:00,23.65,23.69,23.64,23.64,0.0,0.0,4
2021-03-03 08:11:00,23.63,23.65,23.63,23.64,0.0,0.0,3
2021-03-03 08:12:00,23.63,23.65,23.63,23.65,0.0,0.0,3
2021-03-03 08:13:00,23.64,23.64,23.63,23.63,0.0,0.0,2
2021-03-03 08:14:00,23.64,23.75,23.64,23.75,0.0,0.0,4
2021-03-03 08:15:00,23.73,23.73,23.56,23.56,0.0,0.0,3
2021-03-03 08:16:00,23.55,23.59,23.55,23.58,0.0,0.0,4
2021-03-03 08:17:00,23.59,23.59,23.57,23.57,0.0,0.0,3
2021-03-03 08:18:00,23.6,23.67,23.6,23.67,0.0,0.0,3
2021-03-03 08:19:00,23.65,23.68,23.63,23.67,0.0,0.0,4
2021-03-03 08:20:00,23.71,23.72,23.71,23.71,0.0,0.0,3
2021-03-03 08:21:00,23.7,23.73,23.7,23.73,0.0,0.0,2
2021-03-03 08:22:00,23.72,23.72,23.71,23.71,0.0,0.0,2
2021-03-03 08:23:00,23.73,23.73,23.71,23.71,0.0,0.0,2
2021-03-03 08:24:00,23.7,23.7,23.7,23.7,0.0,0.0,1
2021-03-03 08:25:00,23.71,23.71,23.68,23.69,0.0,0.0,4
2021-03-03 08:26:00,23.68,23.72,23.68,23.72,0.0,0.0,4
2021-03-03 08:27:00,23.7,23.7,23.65,23.66,0.0,0.0,3
2021-03-03 08:28:00,23.65,23.66,23.65,23.66,0.0,0.0,2
2021-03-03 08:29:00,23.67,23.67,23.64,23.65,0.0,0.0,3
2021-03-03 08:30:00,23.62,23.62,23.62,23.62,0.0,0.0,1
2021-03-03 08:31:00,23.85,23.93,23.85,23.93,0.0,0.0,4
2021-03-03 08:32:00,24.01,24.08,23.99,24.08,0.0,0.0,4
2021-03-03 08:33:00,24.09,24.43,24.09,24.43,0.0,0.0,4
2021-03-03 08:34:00,24.52,24.63,24.52,24.58,0.0,0.0,4
2021-03-03 08:35:00,24.51,24.51,24.46,24.47,0.0,0.0,3
2021-03-03 08:36:00,24.48,24.53,24.43,24.43,0.0,0.0,4
2021-03-03 08:37:00,24.4,24.4,24.2,24.37,0.0,0.0,4
2021-03-03 08:38:00,24.35,24.35,24.3,24.3,0.0,0.0,4
2021-03-03 08:39:00,24.33,24.33,24.31,24.32,0.0,0.0,3
2021-03-03 08:40:00,24.31,24.32,24.31,24.32,0.0,0.0,4
2021-03-03 08:41:00,24.31,24.42,24.29,24.42,0.0,0.0,4
2021-03-03 08:42:00,24.43,24.79,24.43,24.79,0.0,0.0,4
2021-03-03 08:43:00,24.78,24.78,24.73,24.73,0.0,0.0,3
2021-03-03 08:44:00,24.79,24.86,24.78,24.78,0.0,0.0,4
2021-03-03 08:45:00,24.76,24.89,24.76,24.82,0.0,0.0,4
2021-03-03 08:46:00,24.8,24.95,24.8,24.93,0.0,0.0,4
2021-03-03 08:47:00,24.95,25.01,24.95,25.01,0.0,0.0,3
2021-03-03 08:48:00,24.97,25.01,24.94,24.99,0.0,0.0,4
2021-03-03 08:49:00,24.98,24.98,24.78,24.78,0.0,0.0,4
2021-03-03 08:50:00,24.76,24.78,24.76,24.76,0.0,0.0,3
2021-03-03 08:51:00,24.68,24.68,24.65,24.66,0.0,0.0,3
2021-03-03 08:52:00,24.59,24.59,24.55,24.57,0.0,0.0,3
2021-03-03 08:53:00,24.54,24.54,24.42,24.42,0.0,0.0,4
2021-03-03 08:54:00,24.37,24.4,24.37,24.37,0.0,0.0,4
2021-03-03 08:55:00,24.29,24.29,24.26,24.26,0.0,0.0,3
2021-03-03 08:56:00,24.27,24.35,24.27,24.35,0.0,0.0,2
2021-03-03 08:57:00,24.38,24.39,24.3,24.3,0.0,0.0,4
2021-03-03 08:58:00,24.29,24.29,24.28,24.28,0.0,0.0,2
2021-03-03 08:59:00,24.31,24.38,24.31,24.38,0.0,0.0,4
2021-03-03 09:00:00,24.47,24.47,24.33,24.33,0.0,0.0,3
2021-03-03 09:01:00,24.39,24.39,24.27,24.27,0.0,0.0,4
2021-03-03 09:02:00,24.26,24.29,24.25,24.29,0.0,0.0,3
2021-03-03 09:03:00,24.28,24.28,24.25,24.25,0.0,0.0,2
2021-03-03 09:04:00,24.26,24.27,24.26,24.27,0.0,0.0,2
2021-03-03 09:05:00,24.29,24.29,24.25,24.25,0.0,0.0,3
2021-03-03 09:06:00,24.23,24.24,24.21,24.22,0.0,0.0,4
2021-03-03 09:07:00,24.26,24.3,24.23,24.3,0.0,0.0,4
2021-03-03 09:08:00,24.35,24.35,24.3,24.33,0.0,0.0,4
2021-03-03 09:09:00,24.32,24.32,24.27,24.27,0.0,0.0,3
2021-03-03 09:10:00,24.29,24.29,24.23,24.23,0.0,0.0,4
2021-03-03 09:11:00,24.22,24.25,24.22,24.25,0.0,0.0,4
2021-03-03 09:12:00,24.26,24.34,24.26,24.32,0.0,0.0,4
2021-03-03 09:13:00,24.33,24.36,24.32,24.34,0.0,0.0,4
2021-03-03 09:14:00,24.4,24.42,24.4,24.42,0.0,0.0,2
2021-03-03 09:30:00,24.42,24.42,24.42,24.42,0.0,0.0,0
2021-03-03 09:31:00,24.47,24.47,24.47,24.47,0.0,0.0,1
2021-03-03 09:32:00,24.21,24.21,23.99,24.1,0.0,0.0,4
2021-03-03 09:33:00,23.86,24.04,23.86,24.04,0.0,0.0,4
2021-03-03 09:34:00,24.0,24.02,24.0,24.01,0.0,0.0,4
2021-03-03 09:35:00,24.16,24.37,24.16,24.25,0.0,0.0,4
2021-03-03 09:36:00,24.2,24.27,24.2,24.27,0.0,0.0,4
2021-03-03 09:37:00,24.32,24.36,24.32,24.36,0.0,0.0,3
2021-03-03 09:38:00,24.42,24.61,24.34,24.61,0.0,0.0,4
2021-03-03 09:39:00,24.53,24.81,24.53,24.71,0.0,0.0,4
2021-03-03 09:40:00,24.72,24.81,24.72,24.81,0.0,0.0,2
2021-03-03 09:41:00,24.85,24.92,24.78,24.92,0.0,0.0,4
2021-03-03 09:42:00,24.88,24.88,24.79,24.85,0.0,0.0,4
2021-03-03 09:43:00,24.89,25.12,24.89,25.12,0.0,0.0,4
2021-03-03 09:44:00,25.18,25.24,25.1,25.1,0.0,0.0,4
2021-03-03 09:45:00,24.99,25.21,24.98,25.21,0.0,0.0,4
2021-03-03 09:46:00,25.23,25.23,25.19,25.19,0.0,0.0,4
2021-03-03 09:47:00,25.24,25.25,25.15,25.15,0.0,0.0,4
2021-03-03 09:48:00,25.13,25.17,25.13,25.15,0.0,0.0,4
2021-03-03 09:49:00,25.07,25.07,24.63,24.7,0.0,0.0,4
2021-03-03 09:50:00,24.72,24.72,24.45,24.45,0.0,0.0,4
2021-03-03 09:51:00,24.46,24.63,24.46,24.63,0.0,0.0,4
2021-03-03 09:52:00,24.62,24.62,24.5,24.5,0.0,0.0,4
2021-03-03 09:53:00,24.39,24.47,24.38,24.47,0.0,0.0,4
2021-03-03 09:54:00,24.4,24.46,24.4,24.44,0.0,0.0,3
2021-03-03 09:55:00,24.5,24.57,24.5,24.57,0.0,0.0,4
2021-03-03 09:56:00,24.49,24.65,24.49,24.65,0.0,0.0,4
2021-03-03 09:57:00,24.67,25.04,24.58,25.04,0.0,0.0,4
2021-03-03 09:58:00,25.03,25.27,24.95,25.27,0.0,0.0,4
2021-03-03 09:59:00,25.3,25.52,25.3,25.52,0.0,0.0,4
2021-03-03 10:00:00,25.55,25.55,25.28,25.32,0.0,0.0,4
2021-03-03 10:01:00,25.39,25.55,25.39,25.55,0.0,0.0,4
2021-03-03 10:02:00,25.54,25.54,25.43,25.48,0.0,0.0,3
2021-03-03 10:03:00,25.54,25.54,25.49,25.49,0.0,0.0,4
2021-03-03 10:04:00,25.34,25.45,25.34,25.42,0.0,0.0,4
2021-03-03 10:05:00,25.5,25.52,25.43,25.43,0.0,0.0,4
2021-03-03 10:06:00,25.59,25.76,25.59,25.76,0.0,0.0,4
2021-03-03 10:07:00,25.74,25.78,25.74,25.78,0.0,0.0,4
2021-03-03 10:08:00,25.79,25.79,25.51,25.51,0.0,0.0,4
2021-03-03 10:09:00,25.46,25.46,25.23,25.31,0.0,0.0,4
2021-03-03 10:10:00,25.36,25.44,25.33,25.39,0.0,0.0,4
2021-03-03 10:11:00,25.5,25.95,25.5,25.95,0.0,0.0,4
2021-03-03 10:12:00,25.98,26.01,25.89,26.01,0.0,0.0,4
2021-03-03 10:13:00,26.04,26.11,26.01,26.11,0.0,0.0,4
2021-03-03 10:14:00,26.1,26.18,26.1,26.18,0.0,0.0,4
2021-03-03 10:15:00,26.19,26.45,26.19,26.45,0.0,0.0,4
2021-03-03 10:16:00,26.5,26.5,26.46,26.47,0.0,0.0,4
2021-03-03 10:17:00,26.43,26.59,26.43,26.59,0.0,0.0,4
2021-03-03 10:18:00,26.4,26.54,26.4,26.54,0.0,0.0,4
2021-03-03 10:19:00,26.45,26.47,26.43,26.43,0.0,0.0,3
2021-03-03 10:20:00,26.45,26.45,25.93,25.93,0.0,0.0,4
2021-03-03 10:21:00,26.08,26.34,26.08,26.34,0.0,0.0,4
2021-03-03 10:22:00,26.28,26.36,26.28,26.34,0.0,0.0,4
2021-03-03 10:23:00,26.3,26.3,26.01,26.01,0.0,0.0,4
2021-03-03 10:24:00,26.08,26.14,26.05,26.05,0.0,0.0,4
2021-03-03 10:25:00,25.91,25.91,25.62,25.62,0.0,0.0,4
2021-03-03 10:26:00,25.51,25.57,25.51,25.53,0.0,0.0,4
2021-03-03 10:27:00,25.55,25.62,25.55,25.62,0.0,0.0,3
2021-03-03 10:28:00,25.72,25.96,25.72,25.96,0.0,0.0,4
2021-03-03 10:29:00,25.99,26.01,25.92,25.92,0.0,0.0,4
2021-03-03 10:30:00,25.97,26.34,25.97,26.34,0.0,0.0,4
2021-03-03 10:31:00,26.3,26.44,26.3,26.41,0.0,0.0,4
2021-03-03 10:32:00,26.38,26.42,26.38,26.41,0.0,0.0,3
2021-03-03 10:33:00,26.17,26.17,25.78,25.78,0.0,0.0,4
2021-03-03 10:34:00,25.75,25.78,25.66,25.66,0.0,0.0,4
2021-03-03 10:35:00,25.73,25.82,25.73,25.82,0.0,0.0,4
2021-03-03 10:36:00,25.83,25.83,25.74,25.77,0.0,0.0,4
2021-03-03 10:37:00,25.81,25.81,25.67,25.68,0.0,0.0,4
2021-03-03 10:38:00,25.69,25.75,25.69,25.74,0.0,0.0,3
2021-03-03 10:39:00,25.69,25.76,25.59,25.59,0.0,0.0,3
2021-03-03 10:40:00,25.73,25.73,25.65,25.65,0.0,0.0,3
2021-03-03 10:41:00,25.76,25.84,25.74,25.79,0.0,0.0,4
2021-03-03 10:42:00,25.81,25.86,25.78,25.85,0.0,0.0,4
2021-03-03 10:43:00,25.8,25.8,25.7,25.7,0.0,0.0,3
2021-03-03 10:44:00,25.94,26.04,25.94,26.01,0.0,0.0,4
2021-03-03 10:45:00,26.1,26.1,25.92,25.92,0.0,0.0,3
2021-03-03 10:46:00,25.89,25.89,25.59,25.59,0.0,0.0,4
2021-03-03 10:47:00,25.32,25.32,25.27,25.31,0.0,0.0,4
2021-03-03 10:48:00,25.33,25.41,25.31,25.41,0.0,0.0,4
2021-03-03 10:49:00,25.48,25.55,25.48,25.48,0.0,0.0,4
2021-03-03 10:50:00,25.54,25.54,25.39,25.46,0.0,0.0,3
2021-03-03 10:51:00,25.51,25.68,25.09,25.62,0.0,0.0,4
2021-03-03 10:52:00,25.55,25.62,25.49,25.49,0.0,0.0,4
2021-03-03 10:53:00,25.44,25.48,25.4,25.44,0.0,0.0,4
2021-03-03 10:54:00,25.49,25.58,25.49,25.5,0.0,0.0,4
2021-03-03 10:55:00,25.46,25.47,25.4,25.45,0.0,0.0,4
2021-03-03 10:56:00,25.52,25.52,25.44,25.47,0.0,0.0,4
2021-03-03 10:57:00,25.52,25.74,25.52,25.63,0.0,0.0,4
2021-03-03 10:58:00,25.5,25.5,24.91,25.13,0.0,0.0,4
2021-03-03 10:59:00,25.04,25.12,25.04,25.12,0.0,0.0,3
2021-03-03 11:00:00,25.13,25.13,25.05,25.05,0.0,0.0,4
2021-03-03 11:01:00,25.07,25.07,24.9,24.9,0.0,0.0,4
2021-03-03 11:02:00,24.64,25.01,24.64,24.98,0.0,0.0,3
2021-03-03 11:03:00,25.05,25.05,24.96,25.0,0.0,0.0,4
2021-03-03 11:04:00,25.02,25.05,24.97,25.01,0.0,0.0,4
2021-03-03 11:05:00,25.0,25.0,24.83,24.83,0.0,0.0,4
2021-03-03 11:06:00,24.88,24.88,24.8,24.83,0.0,0.0,4
2021-03-03 11:07:00,24.8,24.8,24.75,24.75,0.0,0.0,4
2021-03-03 11:08:00,24.64,24.78,24.64,24.78,0.0,0.0,3
2021-03-03 11:09:00,24.8,24.81,24.79,24.79,0.0,0.0,4
2021-03-03 11:10:00,24.85,24.98,24.85,24.98,0.0,0.0,4
2021-03-03 11:11:00,24.92,24.92,24.82,24.87,0.0,0.0,4
2021-03-03 11:12:00,24.94,25.02,24.93,24.94,0.0,0.0,4
2021-03-03 11:13:00,24.86,24.9,24.86,24.87,0.0,0.0,3
2021-03-03 11:14:00,24.89,24.98,24.89,24.98,0.0,0.0,4
2021-03-03 11:15:00,24.99,25.14,24.99,25.1,0.0,0.0,3
2021-03-03 11:16:00,25.15,25.21,25.15,25.2,0.0,0.0,3
2021-03-03 11:17:00,25.15,25.16,24.9,24.9,0.0,0.0,4
2021-03-03 11:18:00,24.81,24.81,24.75,24.75,0.0,0.0,4
2021-03-03 11:19:00,24.68,24.68,24.61,24.61,0.0,0.0,3
2021-03-03 11:20:00,24.57,24.57,24.49,24.49,0.0,0.0,3
2021-03-03 11:21:00,24.52,24.52,24.45,24.45,0.0,0.0,4
2021-03-03 11:22:00,24.42,24.43,24.38,24.38,0.0,0.0,4
2021-03-03 11:23:00,24.35,24.36,24.29,24.29,0.0,0.0,4
2021-03-03 11:24:00,24.3,24.32,24.3,24.32,0.0,0.0,2
2021-03-03 11:25:00,24.33,24.33,24.28,24.28,0.0,0.0,3
2021-03-03 11:26:00,24.33,24.33,24.32,24.33,0.0,0.0,3
2021-03-03 11:27:00,24.36,24.41,24.36,24.41,0.0,0.0,3
2021-03-03 11:28:00,24.38,24.38,24.33,24.33,0.0,0.0,3
2021-03-03 11:29:00,24.29,24.29,24.23,24.23,0.0,0.0,2
2021-03-03 11:30:00,24.22,24.22,24.17,24.17,0.0,0.0,4
2021-03-03 11:31:00,24.23,24.29,24.21,24.26,0.0,0.0,4
2021-03-03 11:32:00,24.27,24.29,24.23,24.29,0.0,0.0,4
2021-03-03 11:33:00,24.3,24.34,24.3,24.34,0.0,0.0,3
2021-03-03 11:34:00,24.36,24.36,24.34,24.35,0.0,0.0,4
2021-03-03 11:35:00,24.37,24.44,24.37,24.44,0.0,0.0,3
2021-03-03 11:36:00,24.39,24.39,24.3,24.35,0.0,0.0,4
2021-03-03 11:37:00,24.38,24.47,24.38,24.47,0.0,0.0,4
2021-03-03 11:38:00,24.51,24.61,24.51,24.52,0.0,0.0,4
2021-03-03 11:39:00,24.53,24.56,24.51,24.56,0.0,0.0,4
2021-03-03 11:40:00,24.59,24.59,24.56,24.56,0.0,0.0,2
2021-03-03 11:41:00,24.58,24.73,24.58,24.73,0.0,0.0,4
2021-03-03 11:42:00,24.6,24.7,24.56,24.56,0.0,0.0,4
2021-03-03 11:43:00,24.79,24.79,24.73,24.73,0.0,0.0,3
2021-03-03 11:44:00,24.75,24.77,24.72,24.72,0.0,0.0,4
2021-03-03 11:45:00,24.77,24.77,24.75,24.76,0.0,0.0,3
2021-03-03 11:46:00,24.75,24.75,24.58,24.58,0.0,0.0,4
2021-03-03 11:47:00,24.55,24.59,24.55,24.59,0.0,0.0,2
2021-03-03 11:48:00,24.6,24.7,24.6,24.7,0.0,0.0,4
2021-03-03 11:49:00,24.74,24.74,24.64,24.64,0.0,0.0,4
2021-03-03 11:50:00,24.67,24.71,24.62,24.62,0.0,0.0,4
2021-03-03 11:51:00,24.54,24.56,24.53,24.56,0.0,0.0,3
2021-03-03 11:52:00,24.54,24.55,24.41,24.41,0.0,0.0,4
2021-03-03 11:53:00,24.34,24.37,24.34,24.37,0.0,0.0,3
2021-03-03 11:54:00,24.4,24.5,24.4,24.5,0.0,0.0,3
2021-03-03 11:55:00,24.47,24.52,24.47,24.49,0.0,0.0,4
2021-03-03 11:56:00,24.5,24.53,24.45,24.45,0.0,0.0,3
2021-03-03 11:57:00,24.51,24.55,24.44,24.44,0.0,0.0,4
2021-03-03 11:58:00,24.43,24.5,24.42,24.5,0.0,0.0,3
2021-03-03 11:59:00,24.53,24.75,24.53,24.75,0.0,0.0,4
2021-03-03 12:00:00,24.76,24.83,24.76,24.82,0.0,0.0,4
2021-03-03 12:01:00,24.81,24.82,24.79,24.82,0.0,0.0,4
2021-03-03 12:02:00,24.81,24.82,24.81,24.82,0.0,0.0,4
2021-03-03 12:03:00,24.81,24.81,24.79,24.79,0.0,0.0,3
2021-03-03 12:04:00,24.81,24.83,24.81,24.81,0.0,0.0,4
2021-03-03 12:05:00,24.83,24.83,24.83,24.83,0.0,0.0,1
2021-03-03 12:06:00,24.81,24.85,24.81,24.84,0.0,0.0,4
2021-03-03 12:07:00,24.89,24.89,24.83,24.83,0.0,0.0,3
2021-03-03 12:08:00,24.84,24.84,24.83,24.84,0.0,0.0,3
2021-03-03 12:09:00,24.81,24.86,24.81,24.83,0.0,0.0,4
2021-03-03 12:10:00,24.81,24.84,24.78,24.82,0.0,0.0,4
2021-03-03 12:11:00,24.8,24.85,24.8,24.85,0.0,0.0,3
2021-03-03 12:12:00,24.79,24.86,24.79,24.86,0.0,0.0,4
2021-03-03 12:13:00,24.84,24.84,24.78,24.83,0.0,0.0,3
2021-03-03 12:14:00,24.74,24.74,24.59,24.61,0.0,0.0,4
2021-03-03 12:15:00,24.59,24.72,24.59,24.68,0.0,0.0,4
2021-03-03 12:16:00,24.7,24.7,24.68,24.68,0.0,0.0,2
2021-03-03 12:17:00,24.65,24.69,24.64,24.69,0.0,0.0,4
2021-03-03 12:18:00,24.73,24.83,24.73,24.83,0.0,0.0,4
2021-03-03 12:19:00,24.82,24.9,24.82,24.86,0.0,0.0,4
2021-03-03 12:20:00,24.85,24.87,24.85,24.87,0.0,0.0,2
2021-03-03 12:21:00,24.85,24.91,24.85,24.91,0.0,0.0,3
2021-03-03 12:22:00,24.92,24.96,24.92,24.96,0.0,0.0,3
2021-03-03 12:23:00,25.0,25.01,25.0,25.0,0.0,0.0,3
2021-03-03 12:24:00,25.02,25.02,25.01,25.02,0.0,0.0,3
2021-03-03 12:25:00,24.99,25.02,24.99,25.02,0.0,0.0,4
2021-03-03 12:26:00,25.05,25.05,25.04,25.04,0.0,0.0,2
2021-03-03 12:27:00,25.05,25.09,25.05,25.09,0.0,0.0,2
2021-03-03 12:28:00,25.08,25.11,25.07,25.11,0.0,0.0,4
2021-03-03 12:29:00,25.12,25.12,25.06,25.06,0.0,0.0,4
2021-03-03 12:30:00,25.09,25.09,24.99,24.99,0.0,0.0,3
2021-03-03 12:31:00,25.01,25.06,25.01,25.06,0.0,0.0,3
2021-03-03 12:32:00,25.1,25.1,24.93,24.97,0.0,0.0,3
2021-03-03 12:33:00,24.98,25.2,24.98,25.2,0.0,0.0,4
2021-03-03 12:34:00,25.19,25.21,25.18,25.21,0.0,0.0,4
2021-03-03 12:35:00,25.23,25.23,25.2,25.2,0.0,0.0,2
2021-03-03 12:36:00,25.23,25.25,25.22,25.25,0.0,0.0,3
2021-03-03 12:37:00,25.2,25.25,25.2,25.25,0.0,0.0,3
2021-03-03 12:38:00,25.24,25.24,25.16,25.17,0.0,0.0,4
2021-03-03 12:39:00,25.16,25.18,25.14,25.18,0.0,0.0,4
2021-03-03 12:40:00,25.21,25.25,25.21,25.25,0.0,0.0,3
2021-03-03 12:41:00,25.26,25.26,25.18,25.18,0.0,0.0,4
2021-03-03 12:42:00,25.16,25.16,25.07,25.07,0.0,0.0,3
2021-03-03 12:43:00,24.99,25.03,24.96,25.03,0.0,0.0,4
2021-03-03 12:44:00,25.02,25.09,25.02,25.09,0.0,0.0,4
2021-03-03 12:45:00,25.13,25.13,25.11,25.12,0.0,0.0,3
2021-03-03 12:46:00,25.08,25.08,25.07,25.07,0.0,0.0,2
2021-03-03 12:47:00,25.06,25.06,24.92,24.92,0.0,0.0,4
2021-03-03 12:48:00,24.86,24.86,24.73,24.75,0.0,0.0,4
2021-03-03 12:49:00,24.73,24.78,24.73,24.75,0.0,0.0,4
2021-03-03 12:50:00,24.73,24.73,24.68,24.68,0.0,0.0,2
2021-03-03 12:51:00,24.66,24.71,24.66,24.67,0.0,0.0,3
2021-03-03 12:52:00,24.69,24.69,24.66,24.69,0.0,0.0,3
2021-03-03 12:53:00,24.71,24.75,24.71,24.75,0.0,0.0,3
2021-03-03 12:54:00,24.73,24.84,24.73,24.84,0.0,0.0,4
2021-03-03 12:55:00,24.87,24.89,24.83,24.89,0.0,0.0,4
2021-03-03 12:56:00,24.93,25.07,24.93,25.07,0.0,0.0,4
2021-03-03 12:57:00,25.1,25.13,25.1,25.1,0.0,0.0,3
2021-03-03 12:58:00,25.07,25.07,25.05,25.06,0.0,0.0,3
2021-03-03 12:59:00,25.07,25.17,25.07,25.17,0.0,0.0,4
2021-03-03 13:00:00,25.18,25.18,25.17,25.18,0.0,0.0,3
2021-03-03 13:01:00,25.16,25.17,25.14,25.14,0.0,0.0,4
2021-03-03 13:02:00,25.12,25.2,25.12,25.14,0.0,0.0,3
2021-03-03 13:03:00,25.16,25.17,25.16,25.17,0.0,0.0,2
2021-03-03 13:04:00,25.18,25.2,25.18,25.2,0.0,0.0,3
2021-03-03 13:05:00,25.18,25.18,25.05,25.05,0.0,0.0,4
2021-03-03 13:06:00,25.09,25.17,25.09,25.17,0.0,0.0,4
2021-03-03 13:07:00,25.18,25.18,25.17,25.17,0.0,0.0,4
2021-03-03 13:08:00,25.18,25.18,25.15,25.15,0.0,0.0,3
2021-03-03 13:09:00,25.18,25.18,25.17,25.17,0.0,0.0,2
2021-03-03 13:10:00,25.16,25.18,25.02,25.02,0.0,0.0,3
2021-03-03 13:11:00,25.07,25.08,25.0,25.08,0.0,0.0,4
2021-03-03 13:12:00,25.13,25.15,25.13,25.13,0.0,0.0,3
2021-03-03 13:13:00,25.2,25.21,24.99,24.99,0.0,0.0,4
2021-03-03 13:14:00,25.01,25.01,25.0,25.0,0.0,0.0,4
2021-03-03 13:15:00,25.08,25.08,25.06,25.08,0.0,0.0,4
2021-03-03 13:16:00,25.1,25.11,25.07,25.11,0.0,0.0,4
2021-03-03 13:17:00,25.08,25.08,24.84,24.87,0.0,0.0,4
2021-03-03 13:18:00,24.8,24.8,24.59,24.59,0.0,0.0,4
2021-03-03 13:19:00,24.53,24.53,24.48,24.48,0.0,0.0,4
2021-03-03 13:20:00,24.47,24.47,24.39,24.43,0.0,0.0,4
2021-03-03 13:21:00,24.45,24.51,24.45,24.5,0.0,0.0,4
2021-03-03 13:22:00,24.46,24.46,24.4,24.46,0.0,0.0,4
2021-03-03 13:23:00,24.45,24.54,24.45,24.54,0.0,0.0,4
2021-03-03 13:24:00,24.52,24.55,24.52,24.53,0.0,0.0,4
2021-03-03 13:25:00,24.49,24.59,24.49,24.59,0.0,0.0,3
2021-03-03 13:26:00,24.62,24.62,24.43,24.43,0.0,0.0,4
2021-03-03 13:27:00,24.45,24.45,24.4,24.4,0.0,0.0,4
2021-03-03 13:28:00,24.54,24.54,24.52,24.52,0.0,0.0,2
2021-03-03 13:29:00,24.57,24.58,24.56,24.58,0.0,0.0,3
2021-03-03 13:30:00,24.6,24.79,24.6,24.77,0.0,0.0,4
2021-03-03 13:31:00,24.76,24.87,24.76,24.87,0.0,0.0,4
2021-03-03 13:32:00,24.91,25.03,24.9,25.03,0.0,0.0,4
2021-03-03 13:33:00,24.98,24.99,24.97,24.99,0.0,0.0,4
2021-03-03 13:34:00,24.93,24.93,24.87,24.87,0.0,0.0,4
2021-03-03 13:35:00,24.93,24.93,24.88,24.88,0.0,0.0,3
2021-03-03 13:36:00,24.9,24.9,24.75,24.8,0.0,0.0,4
2021-03-03 13:37:00,24.83,24.83,24.73,24.75,0.0,0.0,4
2021-03-03 13:38:00,24.77,24.78,24.74,24.78,0.0,0.0,3
2021-03-03 13:39:00,24.76,24.82,24.76,24.81,0.0,0.0,4
2021-03-03 13:40:00,24.8,24.92,24.8,24.92,0.0,0.0,4
2021-03-03 13:41:00,24.9,24.91,24.9,24.9,0.0,0.0,3
2021-03-03 13:42:00,24.93,24.96,24.91,24.96,0.0,0.0,4
2021-03-03 13:43:00,24.94,24.97,24.92,24.92,0.0,0.0,4
2021-03-03 13:44:00,24.89,25.01,24.88,25.01,0.0,0.0,4
2021-03-03 13:45:00,25.04,25.05,24.99,25.05,0.0,0.0,4
2021-03-03 13:46:00,25.07,25.18,25.07,25.18,0.0,0.0,4
2021-03-03 13:47:00,25.15,25.37,25.15,25.37,0.0,0.0,4
2021-03-03 13:48:00,25.39,25.39,25.37,25.39,0.0,0.0,3
2021-03-03 13:49:00,25.41,25.41,25.41,25.41,0.0,0.0,1
2021-03-03 13:50:00,25.42,25.42,25.29,25.3,0.0,0.0,4
2021-03-03 13:51:00,25.28,25.28,25.2,25.25,0.0,0.0,3
2021-03-03 13:52:00,25.26,25.29,25.26,25.27,0.0,0.0,3
2021-03-03 13:53:00,25.34,25.34,25.31,25.31,0.0,0.0,3
2021-03-03 13:54:00,25.28,25.42,25.28,25.42,0.0,0.0,4
2021-03-03 13:55:00,25.45,25.47,25.45,25.47,0.0,0.0,2
2021-03-03 13:56:00,25.46,25.47,25.44,25.46,0.0,0.0,4
2021-03-03 13:57:00,25.52,25.52,25.43,25.43,0.0,0.0,3
2021-03-03 13:58:00,25.47,25.5,25.47,25.49,0.0,0.0,3
2021-03-03 13:59:00,25.47,25.47,25.38,25.38,0.0,0.0,3
2021-03-03 14:00:00,25.37,25.37,25.28,25.35,0.0,0.0,4
2021-03-03 14:01:00,25.39,25.39,25.26,25.26,0.0,0.0,4
2021-03-03 14:02:00,25.24,25.3,25.24,25.24,0.0,0.0,4
2021-03-03 14:03:00,25.28,25.43,25.28,25.43,0.0,0.0,4
2021-03-03 14:04:00,25.45,25.6,25.45,25.59,0.0,0.0,4
2021-03-03 14:05:00,25.62,25.69,25.62,25.69,0.0,0.0,4
2021-03-03 14:06:00,25.68,25.71,25.65,25.71,0.0,0.0,3
2021-03-03 14:07:00,25.72,25.75,25.71,25.72,0.0,0.0,4
2021-03-03 14:08:00,25.73,25.79,25.7,25.79,0.0,0.0,4
2021-03-03 14:09:00,25.76,25.76,25.69,25.7,0.0,0.0,3
2021-03-03 14:10:00,25.72,25.78,25.68,25.68,0.0,0.0,4
2021-03-03 14:11:00,25.73,25.73,25.56,25.56,0.0,0.0,3
2021-03-03 14:12:00,25.53,25.53,25.26,25.35,0.0,0.0,4
2021-03-03 14:13:00,25.34,25.39,25.34,25.39,0.0,0.0,4
2021-03-03 14:14:00,25.42,25.46,25.41,25.41,0.0,0.0,4
2021-03-03 14:15:00,25.38,25.59,25.38,25.59,0.0,0.0,4
2021-03-03 14:16:00,25.62,25.77,25.62,25.77,0.0,0.0,4
2021-03-03 14:17:00,25.75,25.82,25.7,25.82,0.0,0.0,4
2021-03-03 14:18:00,25.81,25.82,25.76,25.81,0.0,0.0,4
2021-03-03 14:19:00,25.83,25.85,25.82,25.82,0.0,0.0,4
2021-03-03 14:20:00,25.76,25.79,25.69,25.79,0.0,0.0,3
2021-03-03 14:21:00,25.81,25.87,25.81,25.87,0.0,0.0,3
2021-03-03 14:22:00,25.9,26.01,25.9,26.01,0.0,0.0,3
2021-03-03 14:23:00,26.02,26.06,25.99,26.0,0.0,0.0,4
2021-03-03 14:24:00,25.99,25.99,25.88,25.88,0.0,0.0,3
2021-03-03 14:25:00,25.93,26.01,25.91,25.91,0.0,0.0,4
2021-03-03 14:26:00,25.84,26.03,25.84,26.03,0.0,0.0,4
2021-03-03 14:27:00,26.04,26.05,26.03,26.03,0.0,0.0,3
2021-03-03 14:28:00,25.98,26.01,25.93,26.01,0.0,0.0,3
2021-03-03 14:29:00,26.03,26.11,26.03,26.11,0.0,0.0,4
2021-03-03 14:30:00,26.07,26.15,26.02,26.15,0.0,0.0,4
2021-03-03 14:31:00,26.29,26.66,26.29,26.66,0.0,0.0,4
2021-03-03 14:32:00,26.57,26.67,26.57,26.67,0.0,0.0,4
2021-03-03 14:33:00,26.62,26.63,26.56,26.56,0.0,0.0,3
2021-03-03 14:34:00,26.61,26.67,26.61,26.67,0.0,0.0,3
2021-03-03 14:35:00,26.69,26.69,26.59,26.59,0.0,0.0,4
2021-03-03 14:36:00,26.49,26.53,26.31,26.31,0.0,0.0,4
2021-03-03 14:37:00,26.26,26.26,25.99,25.99,0.0,0.0,4
2021-03-03 14:38:00,25.88,25.88,25.79,25.79,0.0,0.0,3
2021-03-03 14:39:00,25.77,25.77,25.7,25.75,0.0,0.0,4
2021-03-03 14:40:00,25.77,25.77,25.7,25.7,0.0,0.0,3
2021-03-03 14:41:00,25.68,25.68,25.62,25.62,0.0,0.0,4
2021-03-03 14:42:00,25.57,25.65,25.57,25.61,0.0,0.0,4
2021-03-03 14:43:00,25.62,25.7,25.61,25.7,0.0,0.0,3
2021-03-03 14:44:00,25.66,25.68,25.64,25.66,0.0,0.0,4
2021-03-03 14:45:00,25.69,25.79,25.69,25.79,0.0,0.0,4
2021-03-03 14:46:00,25.84,25.96,25.84,25.96,0.0,0.0,4
2021-03-03 14:47:00,25.92,25.97,25.92,25.97,0.0,0.0,3
2021-03-03 14:48:00,26.07,26.19,26.06,26.19,0.0,0.0,4
2021-03-03 14:49:00,26.2,26.2,25.95,26.0,0.0,0.0,4
2021-03-03 14:50:00,26.03,26.03,25.81,25.81,0.0,0.0,4
2021-03-03 14:51:00,25.83,25.96,25.83,25.96,0.0,0.0,3
2021-03-03 14:52:00,25.8,25.8,25.53,25.53,0.0,0.0,4
2021-03-03 14:53:00,25.5,25.54,25.45,25.45,0.0,0.0,4
2021-03-03 14:54:00,25.39,25.43,25.35,25.35,0.0,0.0,4
2021-03-03 14:55:00,25.39,25.48,25.39,25.48,0.0,0.0,4
2021-03-03 14:56:00,25.43,25.45,25.37,25.37,0.0,0.0,4
2021-03-03 14:57:00,25.35,25.35,25.28,25.31,0.0,0.0,4
2021-03-03 14:58:00,25.4,25.46,25.4,25.46,0.0,0.0,4
2021-03-03 14:59:00,25.43,25.43,25.36,25.36,0.0,0.0,2
2021-03-03 15:00:00,25.34,25.41,25.34,25.41,0.0,0.0,4
2021-03-03 15:01:00,25.47,25.58,25.47,25.58,0.0,0.0,4
2021-03-03 15:02:00,25.55,25.55,25.37,25.37,0.0,0.0,3
2021-03-03 15:03:00,25.29,25.29,25.09,25.23,0.0,0.0,4
2021-03-03 15:04:00,25.27,25.34,25.27,25.27,0.0,0.0,4
2021-03-03 15:05:00,25.26,25.33,25.26,25.33,0.0,0.0,4
2021-03-03 15:06:00,25.39,25.39,25.36,25.38,0.0,0.0,4
2021-03-03 15:07:00,25.4,25.4,25.35,25.39,0.0,0.0,4
2021-03-03 15:08:00,25.41,25.44,25.41,25.42,0.0,0.0,3
2021-03-03 15:09:00,25.43,25.43,25.29,25.31,0.0,0.0,4
2021-03-03 15:10:00,25.39,25.39,25.32,25.35,0.0,0.0,3
2021-03-03 15:11:00,25.32,25.32,24.95,25.17,0.0,0.0,4
2021-03-03 15:12:00,25.3,25.3,25.22,25.28,0.0,0.0,3
2021-03-03 15:13:00,25.24,25.32,25.23,25.32,0.0,0.0,4
2021-03-03 15:14:00,25.28,25.39,25.28,25.39,0.0,0.0,4
2021-03-03 15:15:00,25.44,25.72,25.25,25.72,0.0,0.0,4
2021-03-03 15:16:00,25.65,25.72,25.65,25.72,0.0,0.0,4
2021-03-03 15:17:00,25.69,25.69,25.61,25.61,0.0,0.0,2
2021-03-03 15:18:00,25.64,25.64,25.56,25.59,0.0,0.0,4
2021-03-03 15:19:00,25.63,25.63,25.55,25.6,0.0,0.0,4
2021-03-03 15:20:00,25.64,25.7,25.64,25.68,0.0,0.0,4
2021-03-03 15:21:00,25.72,25.74,25.71,25.74,0.0,0.0,3
2021-03-03 15:22:00,25.71,25.91,25.71,25.91,0.0,0.0,4
2021-03-03 15:23:00,25.93,25.95,25.92,25.95,0.0,0.0,4
2021-03-03 15:24:00,25.96,25.97,25.87,25.87,0.0,0.0,3
2021-03-03 15:25:00,25.79,26.08,25.79,26.08,0.0,0.0,3
2021-03-03 15:26:00,26.14,26.2,26.14,26.2,0.0,0.0,3
2021-03-03 15:27:00,26.15,26.15,25.97,26.02,0.0,0.0,4
2021-03-03 15:28:00,25.82,25.98,25.82,25.91,0.0,0.0,4
2021-03-03 15:29:00,25.81,25.92,25.81,25.92,0.0,0.0,3
2021-03-03 15:30:00,25.83,25.83,25.77,25.8,0.0,0.0,3
2021-03-03 15:31:00,25.91,25.97,25.91,25.95,0.0,0.0,4
2021-03-03 15:32:00,25.94,26.1,25.94,26.1,0.0,0.0,4
2021-03-03 15:33:00,26.07,26.07,26.05,26.05,0.0,0.0,2
2021-03-03 15:34:00,26.09,26.09,25.98,26.0,0.0,0.0,3
2021-03-03 15:35:00,26.07,26.07,25.96,26.0,0.0,0.0,4
2021-03-03 15:36:00,25.99,26.07,25.95,26.07,0.0,0.0,4
2021-03-03 15:37:00,26.1,26.11,26.09,26.1,0.0,0.0,4
2021-03-03 15:38:00,26.04,26.14,26.04,26.14,0.0,0.0,4
2021-03-03 15:39:00,26.13,26.15,26.09,26.15,0.0,0.0,4
2021-03-03 15:40:00,26.11,26.14,26.11,26.14,0.0,0.0,2
2021-03-03 15:41:00,26.12,26.12,26.08,26.09,0.0,0.0,4
2021-03-03 15:42:00,26.06,26.06,25.74,25.74,0.0,0.0,4
2021-03-03 15:43:00,25.73,25.74,25.72,25.72,0.0,0.0,3
2021-03-03 15:44:00,25.68,25.73,25.68,25.72,0.0,0.0,3
2021-03-03 15:45:00,25.71,25.71,25.6,25.67,0.0,0.0,4
2021-03-03 15:46:00,25.64,25.64,25.5,25.5,0.0,0.0,3
2021-03-03 15:47:00,25.51,25.51,25.31,25.31,0.0,0.0,4
2021-03-03 15:48:00,25.29,25.55,25.29,25.5,0.0,0.0,3
2021-03-03 15:49:00,25.52,25.63,25.39,25.63,0.0,0.0,4
2021-03-03 15:50:00,25.64,26.08,25.64,26.08,0.0,0.0,4
2021-03-03 15:51:00,26.1,26.1,26.05,26.07,0.0,0.0,4
2021-03-03 15:52:00,25.96,26.04,25.87,26.04,0.0,0.0,4
2021-03-03 15:53:00,26.11,26.21,26.07,26.21,0.0,0.0,4
2021-03-03 15:54:00,26.23,26.26,26.17,26.22,0.0,0.0,4
2021-03-03 15:55:00,26.29,26.29,26.14,26.14,0.0,0.0,4
2021-03-03 15:56:00,26.23,26.28,26.06,26.23,0.0,0.0,4
2021-03-03 15:57:00,26.26,26.27,26.26,26.27,0.0,0.0,2
2021-03-03 15:58:00,26.32,26.41,26.32,26.41,0.0,0.0,4
2021-03-03 15:59:00,26.43,26.59,26.43,26.59,0.0,0.0,4
2021-03-03 16:00:00,26.66,26.79,26.58,26.79,0.0,0.0,4
2021-03-03 16:01:00,26.72,26.72,26.58,26.59,0.0,0.0,4
2021-03-03 16:02:00,26.53,26.53,26.43,26.43,0.0,0.0,4
2021-03-03 16:03:00,26.47,26.51,26.47,26.51,0.0,0.0,3
2021-03-03 16:04:00,26.52,26.52,26.49,26.49,0.0,0.0,2
2021-03-03 16:05:00,26.47,26.48,26.46,26.48,0.0,0.0,3
2021-03-03 16:06:00,26.46,26.49,26.46,26.49,0.0,0.0,2
2021-03-03 16:07:00,26.44,26.44,26.38,26.39,0.0,0.0,3
2021-03-03 16:08:00,26.4,26.44,26.4,26.44,0.0,0.0,4
2021-03-03 16:09:00,26.5,26.66,26.5,26.64,0.0,0.0,4
2021-03-03 16:10:00,26.7,26.7,26.68,26.68,0.0,0.0,2
2021-03-03 16:11:00,26.7,26.7,26.7,26.7,0.0,0.0,1
2021-03-03 16:12:00,26.69,26.69,26.66,26.66,0.0,0.0,4
2021-03-03 16:13:00,26.67,26.68,26.67,26.68,0.0,0.0,2
2021-03-03 16:14:00,26.67,26.68,26.67,26.67,0.0,0.0,3
