datetime,currency,title,impact,forecast,previous,actual
2021-11-01 00:00,JPY,Final Manufacturing PMI,Low,53.0,53.0,53.2
2021-11-01 00:00,USD,Construction Spending m/m,Low,0.6%,0.1%,-0.5%
2021-11-01 00:00,USD,ISM Manufacturing Prices,Low,82.5,81.2,85.7
2021-11-01 01:30,AUD,Commodity Prices y/y,Low,,36.8%,40.7%
2021-11-01 03:00,EUR,German Retail Sales m/m,Low,0.5%,1.2%,-2.5%
2021-11-01 04:30,CHF,Manufacturing PMI,Low,65.9,68.1,65.4
2021-11-01 05:30,GBP,Final Manufacturing PMI,Low,57.7,57.7,57.8
2021-11-01 09:30,CAD,Manufacturing PMI,Low,,57.0,57.7
2021-11-01 09:45,USD,Final Manufacturing PMI,Low,59.2,59.2,58.4
2021-11-01 10:00,USD,ISM Manufacturing PMI,High,60.4,61.1,60.8
2021-11-01 17:45,NZD,Building Consents m/m,Low,,3.8%,-1.9%
2021-11-01 19:50,JPY,Monetary Base y/y,Low,12.3%,11.7%,9.9%
2021-11-01 23:30,AUD,Cash Rate,High,0.10%,0.10%,0.10%
2021-11-02 00:00,AUD,RBA Rate Statement,High,,,
2021-11-02 00:00,CHF,Retail Sales y/y,Low,1.4%,0.8%,2.5%
2021-11-02 00:00,JPY,Monetary Policy Meeting Minutes,Low,,,
2021-11-02 01:00,AUD,RBA Gov Lowe Speaks,High,,,
2021-11-02 01:50,AUD,RBA Deputy Gov Debelle Speaks,Low,,,
2021-11-02 03:30,CHF,CPI m/m,Low,0.2%,0.0%,0.3%
2021-11-02 04:15,EUR,Spanish Manufacturing PMI,Low,58.2,58.1,57.4
2021-11-02 04:45,EUR,Italian Manufacturing PMI,Low,59.6,59.7,61.1
2021-11-02 04:50,EUR,French Final Manufacturing PMI,Low,53.5,53.5,53.6
2021-11-02 04:55,EUR,German Final Manufacturing PMI,Low,58.2,58.2,57.8
2021-11-02 05:00,EUR,Final Manufacturing PMI,Low,58.5,58.5,58.3
2021-11-02 08:30,CAD,Building Permits m/m,Low,2.2%,-2.0%,4.3%
2021-11-02 09:10,USD,RCM/TIPP Economic Optimism,Low,49.3,46.8,43.9
2021-11-02 11:13,NZD,GDT Price Index,Low,,2.2%,4.3%
2021-11-02 16:00,NZD,RBNZ Financial Stability Report,Medium,,,
2021-11-02 16:29,USD,Wards Total Vehicle Sales,Low,12.5M,12.2M,13.0M
2021-11-02 17:30,AUD,AIG Construction Index,Low,,53.3,57.6
2021-11-02 17:45,NZD,Employment Change q/q,High,0.4%,1.0%,2.0%
2021-11-02 20:30,AUD,Building Approvals m/m,Low,-2.0%,7.6%,-4.3%
2021-11-02 21:45,CNY,Caixin Services PMI,Low,53.0,53.4,53.8
2021-11-03 00:00,EUR,Unemployment Rate,Low,7.4%,7.5%,7.4%
2021-11-03 00:00,NZD,Labor Cost Index q/q,Low,0.8%,0.9%,0.7%
2021-11-03 00:00,NZD,Unemployment Rate,High,3.9%,4.0%,3.4%
2021-11-03 00:00,USD,FOMC Statement,High,,,
2021-11-03 00:00,USD,Factory Orders m/m,Low,0.1%,1.0%,0.2%
2021-11-03 03:00,GBP,Nationwide HPI m/m,Low,0.3%,0.2%,0.7%
2021-11-03 03:45,EUR,French Gov Budget Balance,Low,,-178.0B,-175.1B
2021-11-03 04:00,EUR,Spanish Unemployment Change,Medium,21.2K,-76.1K,-0.7K
2021-11-03 05:00,EUR,Italian Monthly Unemployment Rate,Low,9.3%,9.3%,9.2%
2021-11-03 05:30,GBP,Final Services PMI,Low,58.0,58.0,59.1
2021-11-03 06:00,EUR,ECB President Lagarde Speaks,Medium,,,
2021-11-03 08:15,USD,ADP Non-Farm Employment Change,High,400K,523K,571K
2021-11-03 09:00,CAD,Gov Council Member Gravelle Speaks,Low,,,
2021-11-03 09:45,USD,Final Services PMI,Low,58.2,58.2,58.7
2021-11-03 10:00,USD,ISM Services PMI,High,61.9,61.9,66.7
2021-11-03 10:30,USD,Crude Oil Inventories,Medium,1.9M,4.3M,3.3M
2021-11-03 12:00,GBP,BOE Gov Bailey Speaks,Medium,,,
2021-11-03 14:00,USD,Federal Funds Rate,High,<0.25%,<0.25%,<0.25%
2021-11-03 14:30,USD,FOMC Press Conference,High,,,
2021-11-03 20:00,NZD,ANZ Commodity Prices m/m,Low,,1.5%,2.1%
2021-11-03 20:30,AUD,Goods Trade Balance,Low,12.25B,14.74B,12.24B
2021-11-04 00:00,EUR,PPI m/m,Low,2.3%,1.1%,2.7%
2021-11-04 00:00,GBP,BOE Gov Bailey Speaks,High,,,
2021-11-04 00:00,GBP,BOE Monetary Policy Report,High,,,
2021-11-04 00:00,GBP,MPC Asset Purchase Facility Votes,High,0-2-7,0-2-7,0-3-6
2021-11-04 00:00,GBP,MPC Official Bank Rate Votes,High,0-0-9,0-0-9,2-0-7
2021-11-04 00:00,GBP,Monetary Policy Summary,High,,,
2021-11-04 00:00,GBP,Official Bank Rate,High,0.10%,0.10%,0.10%
2021-11-04 00:00,USD,Prelim Nonfarm Productivity q/q,Low,-3.2%,2.1%,-5.0%
2021-11-04 00:00,USD,Prelim Unit Labor Costs q/q,Low,7.1%,1.3%,8.3%
2021-11-04 00:00,USD,Trade Balance,Low,-80.1B,-72.8B,-80.9B
2021-11-04 00:00,USD,Unemployment Claims,Medium,273K,283K,269K
2021-11-04 03:00,EUR,German Factory Orders m/m,Low,1.7%,-8.8%,1.3%
2021-11-04 04:00,CHF,SECO Consumer Climate,Low,7,8,4
2021-11-04 04:15,EUR,Spanish Services PMI,Low,55.7,56.9,56.6
2021-11-04 04:45,EUR,Italian Services PMI,Low,54.6,55.5,52.4
2021-11-04 04:50,EUR,French Final Services PMI,Low,56.6,56.6,56.6
2021-11-04 04:55,EUR,German Final Services PMI,Low,52.4,52.4,52.4
2021-11-04 05:00,EUR,Final Services PMI,Low,54.7,54.7,54.6
2021-11-04 05:30,GBP,Construction PMI,Low,52.0,52.6,54.6
2021-11-04 05:50,EUR,Spanish 10-y Bond Auction,Low,,0.45|1.4,0.48|1.3
2021-11-04 06:00,EUR,French 10-y Bond Auction,Low,,0.15|2.1,0.16|1.8
2021-11-04 07:30,USD,Challenger Job Cuts y/y,Low,,-84.9%,-71.7%
2021-11-04 08:00,GBP,Asset Purchase Facility,High,875B,875B,875B
2021-11-04 08:30,CAD,Trade Balance,Low,1.5B,1.5B,1.9B
2021-11-04 09:00,EUR,ECB President Lagarde Speaks,Medium,,,
2021-11-04 10:30,USD,Natural Gas Storage,Low,67B,87B,63B
2021-11-04 12:50,GBP,MPC Member Cunliffe Speaks,Low,,,
2021-11-04 16:29,All,OPEC-JMMC Meetings,High,,,
2021-11-04 17:30,AUD,AIG Services Index,Low,,45.7,47.6
2021-11-04 19:30,JPY,Household Spending y/y,Low,-3.5%,-3.0%,-1.9%
2021-11-04 20:30,AUD,RBA Monetary Policy Statement,Medium,,,
2021-11-05 00:00,CAD,Unemployment Rate,High,6.8%,6.9%,6.7%
2021-11-05 00:00,EUR,French Prelim Private Payrolls q/q,Low,0.6%,1.4%,0.5%
2021-11-05 00:00,GBP,Halifax HPI m/m,Low,0.7%,1.7%,0.9%
2021-11-05 00:00,USD,Average Hourly Earnings m/m,High,0.4%,0.6%,0.4%
2021-11-05 00:00,USD,Non-Farm Employment Change,High,455K,312K,531K
2021-11-05 00:00,USD,Unemployment Rate,High,4.7%,4.8%,4.6%
2021-11-05 03:00,EUR,German Industrial Production m/m,Low,1.1%,-3.5%,-1.1%
2021-11-05 03:45,EUR,French Industrial Production m/m,Low,0.0%,1.0%,-1.3%
2021-11-05 04:00,CHF,Foreign Currency Reserves,Low,,939B,923B
2021-11-05 05:00,EUR,Italian Retail Sales m/m,Low,0.2%,0.8%,0.8%
2021-11-05 06:00,EUR,Retail Sales m/m,Low,0.2%,1.0%,-0.3%
2021-11-05 08:15,GBP,MPC Member Ramsden Speaks,Low,,,
2021-11-05 08:30,CAD,Employment Change,High,42.0K,157.1K,31.2K
2021-11-05 09:00,GBP,MPC Member Tenreyro Speaks,Low,,,
2021-11-05 10:00,CAD,Ivey PMI,Medium,71.2,70.4,59.3
2021-11-05 15:00,USD,Consumer Credit m/m,Low,16.1B,13.8B,29.9B
2021-11-06 23:01,CNY,Trade Balance,Low,386B,433B,546B
2021-11-06 23:02,CNY,USD-Denominated Trade Balance,Low,64.0B,66.8B,84.5B
2021-11-07 18:50,JPY,BOJ Summary of Opinions,Low,,,
2021-11-08 00:00,JPY,Leading Indicators,Low,99.9%,101.3%,99.7%
2021-11-08 00:00,USD,FOMC Member Bowman Speaks,Medium,,,
2021-11-08 01:45,CHF,Unemployment Rate,Low,2.7%,2.8%,2.7%
2021-11-08 04:30,EUR,Sentix Investor Confidence,Low,14.9,16.9,18.3
2021-11-08 09:00,USD,FOMC Member Clarida Speaks,Medium,,,
2021-11-08 10:30,USD,Fed Chair Powell Speaks,High,,,
2021-11-08 10:55,USD,FOMC Member Williams Speaks,Low,,,
2021-11-08 12:00,GBP,BOE Gov Bailey Speaks,High,,,
2021-11-08 13:50,USD,FOMC Member Evans Speaks,Medium,,,
2021-11-08 14:00,USD,Loan Officer Survey,Low,,,
2021-11-08 15:29,EUR,Eurogroup Meetings,Low,,,
2021-11-08 16:00,USD,FOMC Financial Stability Report,Low,,,
2021-11-08 18:30,JPY,Average Cash Earnings y/y,Low,0.6%,0.6%,0.2%
2021-11-08 18:50,JPY,Bank Lending y/y,Low,0.7%,0.6%,0.9%
2021-11-08 19:01,GBP,BRC Retail Sales Monitor y/y,Low,1.1%,-0.6%,-0.2%
2021-11-08 22:35,JPY,30-y Bond Auction,Low,,0.70|2.9,0.68|3.4
2021-11-09 00:00,AUD,NAB Business Confidence,Low,,10,21
2021-11-09 00:00,EUR,ZEW Economic Sentiment,Medium,20.6,21.0,25.9
2021-11-09 00:00,JPY,Current Account,Low,0.85T,0.88T,0.76T
2021-11-09 00:00,JPY,Economy Watchers Sentiment,Low,48.6,42.1,55.5
2021-11-09 00:00,USD,Core PPI m/m,Medium,0.5%,0.2%,0.4%
2021-11-09 02:05,EUR,German Trade Balance,Low,14.2B,14.0B,13.2B
2021-11-09 02:45,EUR,French Trade Balance,Low,-7.0B,-6.7B,-6.8B
2021-11-09 05:00,EUR,German ZEW Economic Sentiment,Medium,20.3,22.3,31.7
2021-11-09 06:00,USD,NFIB Small Business Index,Low,99.4,99.1,98.2
2021-11-09 08:00,EUR,ECB President Lagarde Speaks,Medium,,,
2021-11-09 08:30,USD,PPI m/m,High,0.6%,0.5%,0.6%
2021-11-09 09:00,USD,Fed Chair Powell Speaks,High,,,
2021-11-09 10:30,GBP,MPC Member Broadbent Speaks,Medium,,,
2021-11-09 11:00,GBP,BOE Gov Bailey Speaks,High,,,
2021-11-09 11:35,USD,FOMC Member Daly Speaks,Low,,,
2021-11-09 13:01,USD,10-y Bond Auction,Medium,,1.58|2.6,1.44|2.4
2021-11-09 15:29,EUR,ECOFIN Meetings,Low,,,
2021-11-09 17:45,CAD,BOC Gov Macklem Speaks,High,,,
2021-11-09 18:30,AUD,Westpac Consumer Sentiment,Low,,-1.5%,0.6%
2021-11-09 18:50,JPY,M2 Money Stock y/y,Low,4.0%,4.2%,4.2%
2021-11-09 19:00,NZD,Prelim ANZ Business Confidence,Low,,-13.4,-18.1
2021-11-09 20:30,CNY,CPI y/y,Low,1.4%,0.7%,1.5%
2021-11-10 00:00,CNY,New Loans,Low,800B,1660B,826B
2021-11-10 00:00,CNY,PPI y/y,Low,12.2%,10.7%,13.5%
2021-11-10 00:00,EUR,Italian Industrial Production m/m,Low,-0.1%,-0.3%,0.1%
2021-11-10 00:00,USD,CPI m/m,High,0.6%,0.4%,0.9%
2021-11-10 00:00,USD,CPI y/y,High,5.9%,5.4%,6.2%
2021-11-10 00:00,USD,Core CPI m/m,High,0.4%,0.2%,0.6%
2021-11-10 00:00,USD,Mortgage Delinquencies,Low,,5.47%,4.88%
2021-11-10 00:00,USD,Unemployment Claims,Medium,257K,271K,267K
2021-11-10 00:57,JPY,Prelim Machine Tool Orders y/y,Low,,71.9%,81.5%
2021-11-10 02:00,EUR,German Final CPI m/m,Low,0.5%,0.5%,0.5%
2021-11-10 03:01,CNY,M2 Money Supply y/y,Low,8.3%,8.3%,8.7%
2021-11-10 04:00,EUR,German Buba President Weidmann Speaks,Low,,,
2021-11-10 05:36,EUR,German 10-y Bond Auction,Low,,-0.16|1.1,-0.29|1.1
2021-11-10 08:30,GBP,MPC Member Tenreyro Speaks,Low,,,
2021-11-10 10:00,USD,Final Wholesale Inventories m/m,Low,1.1%,1.1%,1.4%
2021-11-10 10:30,USD,Crude Oil Inventories,Medium,1.6M,3.3M,1.0M
2021-11-10 12:00,USD,Natural Gas Storage,Low,9B,63B,7B
2021-11-10 13:01,USD,30-y Bond Auction,Medium,,2.05|2.4,1.94|2.2
2021-11-10 14:00,USD,Federal Budget Balance,Low,-180.3B,-61.5B,-165.1B
2021-11-10 16:45,NZD,FPI m/m,Medium,,0.5%,-0.9%
2021-11-10 18:50,JPY,PPI y/y,Low,6.9%,6.4%,8.0%
2021-11-10 19:01,GBP,RICS House Price Balance,Low,65%,69%,70%
2021-11-10 19:03,AUD,MI Inflation Expectations,Low,,3.6%,4.6%
2021-11-10 19:30,AUD,Employment Change,High,50.0K,-141.1K,-46.3K
2021-11-11 00:00,AUD,Unemployment Rate,High,4.8%,4.6%,5.2%
2021-11-11 00:00,GBP,Construction Output m/m,Low,0.2%,-0.7%,1.3%
2021-11-11 00:00,GBP,GDP m/m,Low,0.4%,0.2%,0.6%
2021-11-11 00:00,GBP,Goods Trade Balance,Low,-14.3B,-13.7B,-14.7B
2021-11-11 00:00,GBP,Index of Services 3m/3m,Low,1.9%,3.5%,1.6%
2021-11-11 00:00,GBP,Industrial Production m/m,Low,0.2%,1.0%,-0.4%
2021-11-11 00:00,GBP,Manufacturing Production m/m,Low,0.2%,0.3%,-0.1%
2021-11-11 00:00,GBP,Prelim Business Investment q/q,Low,3.5%,4.5%,0.4%
2021-11-11 02:00,GBP,Prelim GDP q/q,Medium,1.5%,5.5%,1.3%
2021-11-11 04:00,EUR,ECB Economic Bulletin,Low,,,
2021-11-11 05:00,EUR,EU Economic Forecasts,Medium,,,
2021-11-11 05:45,GBP,MPC Member Mann Speaks,Low,,,
2021-11-11 07:58,GBP,NIESR GDP Estimate,Low,,1.3%,1.0%
2021-11-11 12:30,CHF,Gov Board Member Maechler Speaks,Medium,,,
2021-11-11 16:30,NZD,BusinessNZ Manufacturing Index,Low,,51.6,54.3
2021-11-12 00:00,USD,Prelim UoM Consumer Sentiment,Medium,72.5,71.7,66.8
2021-11-12 00:00,USD,Prelim UoM Inflation Expectations,Low,,4.8%,4.9%
2021-11-12 02:00,EUR,German WPI m/m,Low,0.6%,0.8%,1.6%
2021-11-12 02:30,CHF,PPI m/m,Low,0.4%,0.2%,0.6%
2021-11-12 05:00,EUR,Industrial Production m/m,Low,-0.5%,-1.7%,-0.2%
2021-11-12 09:00,GBP,MPC Member Haskel Speaks,Low,,,
2021-11-12 10:00,USD,JOLTS Job Openings,Medium,10.02M,10.63M,10.44M
2021-11-12 12:10,USD,FOMC Member Williams Speaks,Medium,,,
2021-11-12 15:29,EUR,ECOFIN Meetings,Low,,,
2021-11-14 16:30,NZD,BusinessNZ Services Index,Low,,46.5,44.6
2021-11-14 16:45,NZD,Visitor Arrivals m/m,Low,,-91.1%,-13.7%
2021-11-14 18:50,JPY,Prelim GDP Price Index y/y,Low,-1.2%,-1.1%,-1.1%
2021-11-14 19:01,GBP,Rightmove HPI m/m,Low,,1.8%,-0.6%
2021-11-14 19:30,AUD,RBA Assist Gov Ellis Speaks,Low,,,
2021-11-14 20:30,CNY,New Home Prices m/m,Low,,-0.08%,-0.25%
2021-11-14 21:00,CNY,Retail Sales y/y,Medium,3.8%,4.4%,4.9%
2021-11-14 23:30,JPY,Revised Industrial Production m/m,Low,-5.4%,-5.4%,-5.4%
2021-11-15 00:00,CAD,Wholesale Sales m/m,Low,1.1%,0.7%,1.0%
2021-11-15 00:00,CNY,Fixed Asset Investment ytd/y,Low,6.3%,7.3%,6.1%
2021-11-15 00:00,CNY,Industrial Production y/y,Low,3.0%,3.1%,3.5%
2021-11-15 00:00,CNY,Unemployment Rate,Low,4.9%,4.9%,4.9%
2021-11-15 00:00,EUR,Trade Balance,Low,12.5B,9.7B,6.1B
2021-11-15 00:00,JPY,Prelim GDP q/q,Low,-0.2%,0.5%,-0.8%
2021-11-15 00:00,USD,Empire State Manufacturing Index,Medium,22.1,19.8,30.9
2021-11-15 03:14,CNY,Foreign Direct Investment ytd/y,Low,,19.6%,17.8%
2021-11-15 04:30,GBP,MPC Member Haskel Speaks,Low,,,
2021-11-15 05:00,EUR,ECB President Lagarde Speaks,Medium,,,
2021-11-15 08:30,CAD,Manufacturing Sales m/m,Low,-3.0%,1.1%,-3.0%
2021-11-15 09:30,GBP,Monetary Policy Report Hearings,High,,,
2021-11-15 19:30,AUD,Monetary Policy Meeting Minutes,High,,,
2021-11-15 19:45,USD,President Biden Speaks,Low,,,
2021-11-15 21:30,AUD,RBA Gov Lowe Speaks,High,,,
2021-11-15 23:30,JPY,Tertiary Industry Activity m/m,Low,0.9%,-1.1%,0.5%
2021-11-16 00:00,EUR,Flash GDP q/q,Low,2.2%,2.2%,2.2%
2021-11-16 00:00,GBP,Claimant Count Change,Low,-39.2K,-85.9K,-14.9K
2021-11-16 00:00,GBP,Unemployment Rate,Low,4.4%,4.5%,4.3%
2021-11-16 00:00,USD,Capacity Utilization Rate,Low,75.9%,75.2%,76.4%
2021-11-16 00:00,USD,FOMC Member Bostic Speaks,Low,,,
2021-11-16 00:00,USD,Import Prices m/m,Low,1.0%,0.4%,1.2%
2021-11-16 00:00,USD,NAHB Housing Market Index,Low,80,80,83
2021-11-16 00:00,USD,Retail Sales m/m,High,1.3%,0.8%,1.7%
2021-11-16 02:00,GBP,Average Earnings Index 3m/y,Low,5.5%,7.2%,5.8%
2021-11-16 02:45,EUR,French Final CPI m/m,Low,0.4%,0.4%,0.4%
2021-11-16 05:00,EUR,Flash Employment Change q/q,Low,0.6%,0.7%,0.9%
2021-11-16 08:15,CAD,Housing Starts,Low,254K,250K,237K
2021-11-16 08:30,USD,Core Retail Sales m/m,High,1.0%,0.7%,1.7%
2021-11-16 09:15,USD,Industrial Production m/m,Medium,0.9%,-1.3%,1.6%
2021-11-16 09:41,NZD,GDT Price Index,Low,,4.3%,1.9%
2021-11-16 10:00,USD,Business Inventories m/m,Low,0.6%,0.8%,0.7%
2021-11-16 11:10,EUR,ECB President Lagarde Speaks,Low,,,
2021-11-16 12:00,CAD,Gov Council Member Schembri Speaks,Low,,,
2021-11-16 13:30,USD,FOMC Member Barkin Speaks,Low,,,
2021-11-16 16:00,USD,TIC Long-Term Purchases,Low,64.1B,79.3B,26.3B
2021-11-16 16:45,NZD,PPI Input q/q,Low,1.7%,3.0%,1.6%
2021-11-16 18:30,AUD,MI Leading Index m/m,Low,,0.0%,0.2%
2021-11-16 18:50,JPY,Core Machinery Orders m/m,Low,1.4%,-2.4%,0.0%
2021-11-16 19:30,AUD,Wage Price Index q/q,Low,0.6%,0.4%,0.6%
2021-11-16 20:20,EUR,ECB President Lagarde Speaks,Low,,,
2021-11-17 00:00,CAD,Common CPI y/y,Medium,1.9%,1.8%,1.8%
2021-11-17 00:00,CAD,Median CPI y/y,Medium,2.9%,2.9%,2.9%
2021-11-17 00:00,CAD,Trimmed CPI y/y,Medium,3.4%,3.3%,3.3%
2021-11-17 00:00,EUR,Final CPI y/y,Low,4.1%,4.1%,4.1%
2021-11-17 00:00,GBP,Core CPI y/y,Low,3.1%,2.9%,3.4%
2021-11-17 00:00,GBP,PPI Output m/m,Low,0.7%,0.7%,1.1%
2021-11-17 00:00,GBP,RPI y/y,Low,5.7%,4.9%,6.0%
2021-11-17 00:00,JPY,Trade Balance,Low,-0.60T,-0.61T,-0.44T
2021-11-17 00:00,NZD,PPI Output q/q,Low,1.4%,2.6%,1.8%
2021-11-17 00:00,USD,Building Permits,Low,1.63M,1.59M,1.65M
2021-11-17 00:00,USD,FOMC Member Daly Speaks,Low,,,
2021-11-17 00:00,USD,FOMC Member Waller Speaks,Low,,,
2021-11-17 00:00,USD,Housing Starts,Low,1.58M,1.53M,1.52M
2021-11-17 02:00,GBP,CPI y/y,High,3.9%,3.1%,4.2%
2021-11-17 02:02,GBP,PPI Input m/m,Low,1.1%,0.8%,1.4%
2021-11-17 04:00,EUR,ECB Financial Stability Review,Medium,,,
2021-11-17 04:02,EUR,Italian Trade Balance,Low,2.07B,1.32B,2.45B
2021-11-17 04:30,GBP,HPI y/y,Low,11.5%,10.2%,11.8%
2021-11-17 05:00,EUR,Final Core CPI y/y,Low,2.1%,2.1%,2.0%
2021-11-17 05:35,EUR,German 30-y Bond Auction,Low,,0.35|2.0,0.08|1.1
2021-11-17 08:30,CAD,CPI m/m,High,0.7%,0.2%,0.7%
2021-11-17 08:32,CAD,Core CPI m/m,Low,,0.3%,0.6%
2021-11-17 09:10,USD,FOMC Member Williams Speaks,Medium,,,
2021-11-17 09:30,GBP,CB Leading Index m/m,Low,,0.1%,0.1%
2021-11-17 10:30,USD,Crude Oil Inventories,Medium,1.0M,1.0M,-2.1M
2021-11-17 11:00,USD,FOMC Member Bowman Speaks,Low,,,
2021-11-17 12:40,USD,FOMC Member Daly Speaks,Low,,,
2021-11-17 16:05,USD,FOMC Member Evans Speaks,Medium,,,
2021-11-17 16:10,USD,FOMC Member Bostic Speaks,Low,,,
2021-11-17 21:00,NZD,Inflation Expectations q/q,Medium,,2.27%,2.96%
2021-11-17 23:00,AUD,RBA Assist Gov Ellis Speaks,Low,,,
2021-11-18 00:00,USD,Philly Fed Manufacturing Index,Medium,24.2,23.8,39.0
2021-11-18 00:00,USD,Unemployment Claims,Medium,260K,269K,268K
2021-11-18 02:00,CHF,Trade Balance,Low,4.90B,5.01B,5.65B
2021-11-18 04:49,EUR,Spanish 10-y Bond Auction,Low,,0.48|1.3,0.47|1.4
2021-11-18 08:00,USD,FOMC Member Bostic Speaks,Low,,,
2021-11-18 08:30,CAD,Foreign Securities Purchases,Low,20.05B,22.74B,20.02B
2021-11-18 08:35,CAD,ADP Non-Farm Employment Change,Low,,41.0K,65.8K
2021-11-18 09:30,USD,FOMC Member Williams Speaks,Medium,,,
2021-11-18 10:00,USD,CB Leading Index m/m,Low,0.8%,0.1%,0.9%
2021-11-18 10:30,USD,Natural Gas Storage,Low,25B,7B,26B
2021-11-18 14:00,USD,FOMC Member Evans Speaks,Medium,,,
2021-11-18 18:30,JPY,National Core CPI y/y,Low,0.1%,0.1%,0.1%
2021-11-18 19:01,GBP,GfK Consumer Confidence,Low,-18,-17,-14
2021-11-18 21:00,NZD,Credit Card Spending y/y,Low,,-12.8%,-5.6%
2021-11-19 00:00,CAD,NHPI m/m,Low,0.5%,0.4%,0.9%
2021-11-19 00:00,CAD,Retail Sales m/m,Medium,-1.6%,1.8%,-0.6%
2021-11-19 00:00,GBP,Public Sector Net Borrowing,Low,12.2B,19.9B,18.0B
2021-11-19 00:00,GBP,Retail Sales m/m,Medium,0.5%,0.0%,0.8%
2021-11-19 00:00,USD,FOMC Member Daly Speaks,Low,,,
2021-11-19 02:00,EUR,German PPI m/m,Low,2.0%,2.3%,3.8%
2021-11-19 03:30,EUR,ECB President Lagarde Speaks,Medium,,,
2021-11-19 04:00,EUR,Current Account,Low,16.2B,17.1B,18.7B
2021-11-19 07:00,GBP,MPC Member Pill Speaks,Low,,,
2021-11-19 08:00,EUR,German Buba President Weidmann Speaks,Low,,,
2021-11-19 08:30,CAD,Core Retail Sales m/m,Medium,-1.0%,2.6%,-0.2%
2021-11-19 10:45,USD,FOMC Member Waller Speaks,Medium,,,
2021-11-19 12:15,USD,FOMC Member Clarida Speaks,Medium,,,
2021-11-21 20:30,CNY,1-y Loan Prime Rate,Medium,3.85%,3.85%,3.85%
2021-11-22 00:00,CNY,5-y Loan Prime Rate,Medium,4.65%,4.65%,4.65%
2021-11-22 06:00,EUR,German Buba Monthly Report,Low,,,
2021-11-22 09:59,EUR,Consumer Confidence,Low,-5,-5,-7
2021-11-22 10:00,USD,Existing Home Sales,Low,6.20M,6.29M,6.34M
2021-11-22 13:20,USD,President Biden Speaks,Low,,,
2021-11-22 16:45,NZD,Retail Sales q/q,Low,-10.2%,3.3%,-8.1%
2021-11-22 16:48,NZD,Core Retail Sales q/q,Low,-7.6%,3.4%,-6.7%
2021-11-22 17:00,AUD,Flash Manufacturing PMI,Low,,58.2,58.5
2021-11-23 00:00,AUD,Flash Services PMI,Low,,51.8,55.0
2021-11-23 00:00,EUR,Flash Services PMI,Medium,53.6,54.6,56.6
2021-11-23 00:00,EUR,French Flash Manufacturing PMI,Low,53.1,53.6,54.6
2021-11-23 00:00,EUR,German Flash Services PMI,High,51.4,52.4,53.4
2021-11-23 00:00,GBP,Flash Services PMI,Medium,58.6,59.1,58.6
2021-11-23 00:00,USD,Flash Services PMI,Medium,59.1,58.7,57.0
2021-11-23 03:15,EUR,French Flash Services PMI,Medium,55.6,56.6,58.2
2021-11-23 03:30,EUR,German Flash Manufacturing PMI,High,57.0,57.8,57.6
2021-11-23 04:00,EUR,Flash Manufacturing PMI,Medium,57.5,58.3,58.6
2021-11-23 04:30,GBP,Flash Manufacturing PMI,Medium,57.2,57.8,58.2
2021-11-23 06:00,GBP,MPC Member Haskel Speaks,Medium,,,
2021-11-23 08:30,CAD,Corporate Profits q/q,Low,,-0.4%,2.8%
2021-11-23 09:00,CNY,CB Leading Index m/m,Low,,0.6%,0.3%
2021-11-23 09:45,USD,Flash Manufacturing PMI,Medium,59.3,58.4,59.1
2021-11-23 10:00,USD,Richmond Manufacturing Index,Low,10,12,11
2021-11-23 10:30,AUD,CB Leading Index m/m,Low,,0.3%,0.1%
2021-11-23 13:00,CAD,Gov Council Member Beaudry Speaks,Low,,,
2021-11-23 17:15,AUD,RBA Gov Bullock Speaks,Low,,,
2021-11-23 19:30,AUD,Construction Work Done q/q,Low,-3.0%,2.2%,-0.3%
2021-11-23 19:40,AUD,RBA Gov Bullock Speaks,Low,,,
2021-11-23 20:00,NZD,Official Cash Rate,High,0.75%,0.50%,0.75%
2021-11-23 21:00,NZD,RBNZ Press Conference,High,,,
2021-11-24 00:00,EUR,German ifo Business Climate,Medium,96.8,97.7,96.5
2021-11-24 00:00,JPY,BOJ Core CPI y/y,Low,0.4%,0.6%,0.6%
2021-11-24 00:00,JPY,Flash Manufacturing PMI,Low,53.5,53.2,54.2
2021-11-24 00:00,NZD,RBNZ Monetary Policy Statement,High,,,
2021-11-24 00:00,NZD,RBNZ Rate Statement,High,,,
2021-11-24 00:00,USD,Core Durable Goods Orders m/m,Medium,0.5%,0.5%,0.5%
2021-11-24 00:00,USD,Durable Goods Orders m/m,Medium,0.2%,-0.3%,-0.5%
2021-11-24 00:00,USD,Goods Trade Balance,Low,-94.9B,-96.3B,-82.9B
2021-11-24 00:00,USD,New Home Sales,Low,801K,742K,745K
2021-11-24 00:00,USD,Personal Income m/m,Low,0.2%,-1.0%,0.5%
2021-11-24 00:00,USD,Personal Spending m/m,Low,1.0%,0.6%,1.3%
2021-11-24 00:00,USD,Prelim GDP Price Index q/q,Low,5.7%,5.7%,5.9%
2021-11-24 00:00,USD,Prelim Wholesale Inventories m/m,Low,1.0%,1.4%,2.2%
2021-11-24 00:00,USD,Revised UoM Consumer Sentiment,Medium,66.8,66.8,67.4
2021-11-24 00:00,USD,Revised UoM Inflation Expectations,Low,,4.9%,4.9%
2021-11-24 00:00,USD,Unemployment Claims,Medium,259K,270K,199K
2021-11-24 04:00,CHF,UBS Economic Expectations,Low,,15.6,-10.8
2021-11-24 06:00,GBP,CBI Industrial Order Expectations,Low,8,9,26
2021-11-24 08:30,USD,Prelim GDP q/q,High,2.2%,2.0%,2.1%
2021-11-24 09:00,EUR,Belgian NBB Business Climate,Low,3.5,4.0,4.2
2021-11-24 09:30,GBP,MPC Member Tenreyro Speaks,Low,,,
2021-11-24 10:00,USD,Core PCE Price Index m/m,High,0.4%,0.2%,0.4%
2021-11-24 10:30,USD,Crude Oil Inventories,Medium,-1.7M,-2.1M,1.0M
2021-11-24 12:00,USD,Natural Gas Storage,Low,-23B,26B,-21B
2021-11-24 14:00,USD,FOMC Meeting Minutes,High,,,
2021-11-24 16:45,NZD,Trade Balance,Low,-1575M,-2206M,-1286M
2021-11-24 18:50,JPY,SPPI y/y,Low,0.9%,0.9%,1.0%
2021-11-24 19:30,AUD,Private Capital Expenditure q/q,Low,-1.9%,3.4%,-2.2%
2021-11-25 00:00,EUR,German GfK Consumer Climate,Low,-1.0,1.0,-1.6
2021-11-25 02:00,EUR,German Final GDP q/q,Low,1.8%,1.8%,1.7%
2021-11-25 06:00,GBP,CBI Realized Sales,Low,32,30,39
2021-11-25 07:30,EUR,ECB Monetary Policy Meeting Accounts,Low,,,
2021-11-25 08:30,EUR,ECB President Lagarde Speaks,Medium,,,
2021-11-25 09:05,GBP,MPC Member Haskel Speaks,Low,,,
2021-11-25 12:00,GBP,BOE Gov Bailey Speaks,High,,,
2021-11-25 18:30,JPY,Tokyo Core CPI y/y,Low,0.3%,0.1%,0.3%
2021-11-25 19:30,AUD,Retail Sales m/m,Low,2.2%,1.3%,4.9%
2021-11-26 00:00,EUR,ECB President Lagarde Speaks,Medium,,,
2021-11-26 00:00,EUR,Private Loans y/y,Low,4.0%,4.1%,4.1%
2021-11-26 02:00,EUR,German Import Prices m/m,Low,2.0%,1.3%,3.8%
2021-11-26 03:00,CHF,GDP q/q,Low,1.6%,1.8%,1.7%
2021-11-26 04:00,EUR,M3 Money Supply y/y,Low,7.4%,7.5%,7.7%
2021-11-26 08:00,GBP,MPC Member Pill Speaks,Low,,,
2021-11-28 18:50,JPY,Retail Sales y/y,Low,1.2%,-0.5%,0.9%
2021-11-28 19:30,AUD,Company Operating Profits q/q,Low,2.7%,7.1%,4.0%
2021-11-29 00:00,CAD,IPPI m/m,Low,1.2%,1.2%,1.3%
2021-11-29 00:00,CAD,RMPI m/m,Low,3.6%,2.4%,4.8%
2021-11-29 00:00,GBP,Mortgage Approvals,Low,71K,72K,67K
2021-11-29 03:00,EUR,Spanish Flash CPI y/y,Low,5.5%,5.4%,5.6%
2021-11-29 03:34,JPY,BOJ Gov Kuroda Speaks,Medium,,,
2021-11-29 04:30,GBP,M4 Money Supply m/m,Low,0.7%,0.7%,0.6%
2021-11-29 04:32,GBP,Net Lending to Individuals m/m,Low,9.7B,9.6B,2.3B
2021-11-29 08:30,CAD,Current Account,Low,5.4B,1.4B,1.4B
2021-11-29 10:00,USD,Pending Home Sales m/m,Medium,0.8%,-2.4%,7.5%
2021-11-29 12:15,EUR,ECB President Lagarde Speaks,Low,,,
2021-11-29 14:00,CAD,BOC Gov Macklem Speaks,High,,,
2021-11-29 15:00,USD,FOMC Member Williams Speaks,Low,,,
2021-11-29 15:05,USD,Fed Chair Powell Speaks,Medium,,,
2021-11-29 15:29,EUR,German Prelim CPI m/m,Low,-0.4%,0.5%,-0.2%
2021-11-29 17:05,AUD,RBA Deputy Gov Debelle Speaks,Low,,,
2021-11-29 18:30,JPY,Unemployment Rate,Low,2.8%,2.8%,2.7%
2021-11-29 18:50,JPY,Prelim Industrial Production m/m,Low,1.9%,-5.4%,1.1%
2021-11-29 19:00,NZD,ANZ Business Confidence,Low,,-18.1,-16.4
2021-11-29 19:30,AUD,Building Approvals m/m,Low,-1.4%,-3.9%,-12.9%
2021-11-29 20:00,CNY,Manufacturing PMI,Medium,49.8,49.2,50.1
2021-11-29 21:00,AUD,RBA Deputy Gov Debelle Speaks,Low,,,
2021-11-30 00:00,AUD,Current Account,Low,29.3B,22.9B,23.9B
2021-11-30 00:00,AUD,Private Sector Credit m/m,Low,0.6%,0.6%,0.5%
2021-11-30 00:00,CAD,Gov Council Member Schembri Speaks,Low,,,
2021-11-30 00:00,CNY,Non-Manufacturing PMI,Low,51.6,52.4,52.3
2021-11-30 00:00,EUR,CPI Flash Estimate y/y,Low,4.5%,4.1%,4.9%
2021-11-30 00:00,EUR,French Prelim CPI m/m,Low,0.2%,0.4%,0.4%
2021-11-30 00:00,EUR,French Prelim GDP q/q,Low,3.0%,3.0%,3.0%
2021-11-30 00:00,EUR,Italian Prelim CPI m/m,Low,0.1%,0.7%,0.7%
2021-11-30 00:00,JPY,Housing Starts y/y,Low,5.4%,4.3%,10.4%
2021-11-30 00:00,USD,CB Consumer Confidence,Medium,110.8,111.6,109.5
2021-11-30 00:00,USD,FOMC Member Bowman Speaks,Low,,,
2021-11-30 00:00,USD,S&P/CS Composite-20 HPI y/y,Low,19.3%,19.6%,19.1%
2021-11-30 00:00,USD,Treasury Sec Yellen Speaks,Medium,,,
2021-11-30 02:45,EUR,French Consumer Spending m/m,Low,0.0%,0.2%,-0.4%
2021-11-30 03:00,CHF,KOF Economic Barometer,Medium,109.0,110.2,108.5
2021-11-30 03:55,EUR,German Unemployment Change,Low,-25K,-40K,-34K
2021-11-30 05:00,EUR,Core CPI Flash Estimate y/y,Low,2.3%,2.0%,2.6%
2021-11-30 05:18,EUR,Italian 10-y Bond Auction,Low,,1.05|1.3,1.02|1.5
2021-11-30 08:00,GBP,MPC Member Mann Speaks,Low,,,
2021-11-30 08:30,CAD,GDP m/m,High,0.0%,0.6%,0.1%
2021-11-30 09:00,USD,HPI m/m,Low,1.2%,1.0%,0.9%
2021-11-30 09:45,USD,Chicago PMI,Medium,67.1,68.4,61.8
2021-11-30 10:00,USD,Fed Chair Powell Testifies,High,,,
2021-11-30 10:30,USD,FOMC Member Williams Speaks,Low,,,
2021-11-30 13:00,USD,FOMC Member Clarida Speaks,Medium,,,
2021-11-30 16:30,AUD,AIG Manufacturing Index,Low,,50.4,54.8
2021-11-30 16:45,NZD,Building Consents m/m,Low,,-2.0%,-2.0%
2021-11-30 18:50,JPY,Capital Spending q/y,Low,1.6%,5.3%,1.2%
2021-11-30 19:01,GBP,BRC Shop Price Index y/y,Low,,-0.4%,0.3%
2021-11-30 19:30,AUD,GDP q/q,High,-2.7%,0.7%,-1.9%
2021-11-30 20:45,CNY,Caixin Manufacturing PMI,Low,50.5,50.6,49.9
